record_id,segment,country,product_sold,discount_band,units_sold,manufacturing_price,sale_price,gross_sales,discounts,sales,cogs,profit,date,city,lat,lon
157,Small Business,Canada,Montana,Medium,1283,5,300,384900,30792,354108,320750,33358,01/09/2013,Toronto,43.7417,-79.3733
158,Government,Canada,VTT,High,623,250,350,218050,26166,191884,161980,29904,01/09/2013,Montréal,45.5089,-73.5617
159,Government,Canada,Velo,Low,2646,120,20,52920,2116.8,50803.2,26460,24343.2,01/09/2013,Vancouver,49.25,-123.1
160,Channel Partners,Canada,Amarilla,High,2761,260,12,33132,3975.84,29156.16,8283,20873.16,01/09/2013,Calgary,51.05,-114.0667
161,Enterprise,Canada,Carretera,High,2416,3,125,302000,36240,265760,289920,-24160,01/09/2013,Edmonton,53.5344,-113.4903
162,Midmarket,Canada,Paseo,High,2470,10,15,37050,5187,31863,24700,7163,01/09/2013,Ottawa,45.4247,-75.695
163,Government,Canada,Paseo,Medium,2349,10,7,16443,822.15,15620.85,11745,3875.85,01/09/2013,Winnipeg,49.8844,-97.1464
164,Channel Partners,Canada,Carretera,Medium,2299,3,12,27588,1655.28,25932.72,6897,19035.72,01/10/2013,Quebec City,46.8139,-71.2081
165,Channel Partners,Canada,Paseo,Medium,2299,10,12,27588,1655.28,25932.72,6897,19035.72,01/10/2013,Hamilton,43.2567,-79.8692
166,Government,Canada,Paseo,Medium,1389,10,20,27780,1389,26391,13890,12501,01/10/2013,Mississauga,43.6,-79.65
167,Government,Canada,VTT,Medium,1389,250,20,27780,1389,26391,13890,12501,01/10/2013,Brampton,43.6833,-79.7667
168,Government,Canada,Paseo,Medium,1228,10,350,429800,21490,408310,319280,89030,01/10/2013,Surrey,49.19,-122.8489
169,Government,Canada,Amarilla,Medium,1228,260,350,429800,21490,408310,319280,89030,01/10/2013,Kitchener,43.4186,-80.4728
170,Midmarket,Canada,Paseo,High,1743,10,15,26145,3660.3,22484.7,17430,5054.7,01/10/2013,Halifax,44.6475,-63.5906
171,Midmarket,Canada,Amarilla,High,1743,260,15,26145,3660.3,22484.7,17430,5054.7,01/10/2013,Laval,45.5833,-73.75
172,Government,Canada,Carretera,Low,2851,3,7,19957,798.28,19158.72,14255,4903.72,01/10/2013,London,42.9836,-81.2497
173,Government,Canada,Montana,Low,2851,5,7,19957,798.28,19158.72,14255,4903.72,01/10/2013,Victoria,48.4283,-123.3647
174,Small Business,Canada,Velo,High,269,120,300,80700,11298,69402,67250,2152,01/10/2013,Markham,43.8767,-79.2633
175,Small Business,Canada,VTT,High,269,250,300,80700,11298,69402,67250,2152,01/10/2013,Oshawa,43.9,-78.85
176,Enterprise,Canada,Montana,None,345,5,125,43125,0,43125,41400,1725,01/10/2013,Vaughan,43.8333,-79.5
177,Enterprise,Canada,Velo,None,345,120,125,43125,0,43125,41400,1725,01/10/2013,Windsor,42.2833,-83
178,Channel Partners,Canada,Paseo,High,2222,10,12,26664,3732.96,22931.04,6666,16265.04,01/11/2013,Gatineau,45.4833,-75.65
179,Government,Canada,Paseo,None,1725,10,350,603750,0,603750,448500,155250,01/11/2013,Saskatoon,52.1333,-106.6833
180,Small Business,Canada,Paseo,Medium,1404,10,300,421200,29484,391716,351000,40716,01/11/2013,Longueuil,45.5333,-73.5167
181,Government,Canada,VTT,High,2935,250,20,58700,6457,52243,29350,22893,01/11/2013,Burnaby,49.2667,-122.9667
182,Enterprise,Canada,VTT,High,2954,250,125,369250,55387.5,313862.5,354480,-40617.5,01/11/2013,St. Catharines,43.1833,-79.2333
183,Midmarket,Canada,Carretera,High,1560,3,15,23400,2574,20826,15600,5226,01/11/2013,Regina,50.4547,-104.6067
184,Government,Canada,Velo,Low,2092,120,7,14644,146.44,14497.56,10460,4037.56,01/11/2013,Oakville,43.45,-79.6833
185,Government,Canada,Paseo,Medium,1802,10,20,36040,1802,34238,18020,16218,01/12/2013,Richmond,49.1667,-123.1333
186,Midmarket,Canada,Paseo,None,2152,10,15,32280,0,32280,21520,10760,01/12/2013,Richmond Hill,43.8667,-79.4333
187,Channel Partners,Canada,Carretera,Low,908,3,12,10896,326.88,10569.12,2724,7845.12,01/12/2013,Burlington,43.3167,-79.8
188,Government,Canada,Amarilla,Low,1778,260,350,622300,24892,597408,462280,135128,01/12/2013,St. John's,47.4817,-52.7971
189,Small Business,Canada,VTT,Medium,2436,250,300,730800,43848,686952,609000,77952,01/12/2013,Kelowna,49.8881,-119.4956
190,Enterprise,Canada,Velo,High,1916,120,125,239500,23950,215550,229920,-14370,01/12/2013,Sherbrooke,45.4,-71.9
191,Government,Canada,Montana,Medium,1611,5,7,11277,1014.93,10262.07,8055,2207.07,01/12/2013,Sudbury,46.49,-81.01
192,Government,Canada,Carretera,None,1618,3,20,32370,0,32370,16185,16185,01/01/2014,Barrie,44.3711,-79.6769
193,Small Business,Canada,Paseo,High,873,10,300,261900,28809,233091,218250,14841,01/01/2014,Abbotsford,49.05,-122.3167
194,Government,Canada,Paseo,Low,4251,10,7,29757,1190.28,28566.72,21255,7311.72,01/01/2014,Lévis,46.8,-71.1833
195,Government,Canada,Montana,High,2228,5,350,779625,109147.5,670477.5,579150,91327.5,01/01/2014,Coquitlam,49.2839,-122.7919
197,Channel Partners,Canada,VTT,Medium,3244,250,12,38934,2725.38,36208.62,9733.5,26475.12,01/01/2014,Saguenay,48.4167,-71.0667
201,Midmarket,Canada,Velo,High,384,120,15,5760,633.6,5126.4,3840,1286.4,01/01/2014,Guelph,43.55,-80.25
205,Enterprise,Canada,Amarilla,High,1659,260,125,207375,26958.75,180416.25,199080,-18663.75,01/01/2014,Trois-Rivières,46.35,-72.55
214,Channel Partners,Canada,Carretera,High,1937,3,12,23244,2556.84,20687.16,5811,14876.16,01/02/2014,Whitby,43.8833,-78.9417
218,Midmarket,Canada,Paseo,Low,2363,10,15,35445,708.9,34736.1,23630,11106.1,01/02/2014,Cambridge,43.3972,-80.3114
224,Government,Canada,Amarilla,High,2240,260,350,784000,78400,705600,582400,123200,01/02/2014,Kanata,45.3333,-75.9
226,Small Business,Canada,VTT,None,2001,250,300,600300,0,600300,500250,100050,01/02/2014,Milton,43.5083,-79.8833
235,Government,Canada,Montana,Medium,488,5,7,3416,273.28,3142.72,2440,702.72,01/02/2014,Kingston,44.3128,-76.4553
238,Enterprise,Canada,Velo,Medium,952,120,125,119000,7140,111860,114240,-2380,01/02/2014,Ajax,43.8583,-79.0364
244,Government,Canada,Paseo,None,292,10,20,5840,0,5840,2920,2920,01/02/2014,Waterloo,43.4667,-80.5167
247,Government,Canada,Paseo,High,2428,10,20,48560,6798.4,41761.6,24280,17481.6,01/03/2014,Terrebonne,45.7,-73.6333
256,Midmarket,Canada,Montana,Low,1967,5,15,29505,1180.2,28324.8,19670,8654.8,01/03/2014,Moncton,46.1328,-64.7714
264,Government,Canada,Carretera,High,923,3,350,323050,41996.5,281053.5,239980,41073.5,01/03/2014,Saanich,48.484,-123.381
271,Small Business,Canada,Amarilla,High,888,260,300,266400,37296,229104,222000,7104,01/03/2014,White Rock,49.025,-122.8028
272,Channel Partners,Canada,Velo,Medium,598,120,12,7176,574.08,6601.92,1794,4807.92,01/03/2014,Thunder Bay,48.3822,-89.2461
276,Government,Canada,VTT,Low,1326,250,7,9282,92.82,9189.18,6630,2559.18,01/03/2014,Delta,49.0847,-123.0586
277,Enterprise,Canada,Paseo,Low,1774,10,125,221750,6652.5,215097.5,212880,2217.5,01/03/2014,Nanaimo,49.1642,-123.9364
290,Small Business,Canada,Montana,Medium,3802,5,300,1140750,102667.5,1038082.5,950625,87457.5,01/04/2014,Brantford,43.1667,-80.25
291,Government,Canada,VTT,Low,944,250,350,330225,3302.25,326922.75,245310,81612.75,01/04/2014,Chatham,42.4229,-82.1324
298,Government,Canada,Velo,Low,3850,120,20,77010,2310.3,74699.7,38505,36194.7,01/04/2014,Chicoutimi,48.4333,-71.0667
300,Channel Partners,Canada,Amarilla,High,3520,260,12,42246,4224.6,38021.4,10561.5,27459.9,01/04/2014,Clarington,43.935,-78.6083
305,Government,Canada,Paseo,High,723,10,7,5061,759.15,4301.85,3615,686.85,01/04/2014,Saint-Jérôme,45.7833,-74
309,Midmarket,Canada,Paseo,High,1614,10,15,24210,3631.5,20578.5,16140,4438.5,01/04/2014,Red Deer,52.2681,-113.8111
313,Enterprise,Canada,Carretera,Low,742,3,125,92812.5,1856.25,90956.25,89100,1856.25,01/04/2014,Pickering,43.8354,-79.089
317,Channel Partners,Canada,VTT,High,2109,250,12,25308,3036.96,22271.04,6327,15944.04,01/05/2014,Lethbridge,49.6942,-112.8328
322,Government,Canada,Montana,High,200,5,350,70000,9800,60200,52000,8200,01/05/2014,Kamloops,50.6761,-120.3408
323,Government,Canada,Carretera,Low,831,3,20,16620,498.6,16121.4,8310,7811.4,01/05/2014,Saint-Jean-sur-Richelieu,45.3167,-73.2667
332,Small Business,Canada,Paseo,Medium,1702,10,300,510600,35742,474858,425500,49358,01/05/2014,Niagara Falls,43.06,-79.1067
338,Government,Canada,Paseo,Medium,257,10,7,1799,143.92,1655.08,1285,370.08,01/05/2014,Cape Breton,46.1389,-60.1931
340,Enterprise,Canada,Amarilla,Medium,1645,260,125,205625,14393.75,191231.25,197400,-6168.75,01/05/2014,Chilliwack,49.1577,-121.9509
347,Midmarket,Canada,Velo,Medium,1262,120,15,18930,1325.1,17604.9,12620,4984.9,01/05/2014,Brossard,45.4667,-73.45
361,Midmarket,Canada,Carretera,Medium,2844,3,15,42660,2559.6,40100.4,28440,11660.4,01/06/2014,Maple Ridge,49.2167,-122.6
362,Midmarket,Canada,VTT,Medium,2844,250,15,42660,2559.6,40100.4,28440,11660.4,01/06/2014,Newmarket,44.05,-79.4667
375,Government,Canada,Paseo,High,2632,10,350,921200,119756,801444,684320,117124,01/06/2014,Repentigny,45.7333,-73.4667
376,Government,Canada,Velo,High,2632,120,350,921200,119756,801444,684320,117124,01/06/2014,Peterborough,44.3,-78.3167
391,Small Business,Canada,Carretera,Medium,1094,3,300,328200,29538,298662,273500,25162,01/06/2014,Drummondville,45.8833,-72.4833
392,Small Business,Canada,Paseo,Medium,1094,10,300,328200,29538,298662,273500,25162,01/06/2014,Kawartha Lakes,44.35,-78.75
393,Channel Partners,Canada,Montana,None,2518,5,12,30216,0,30216,7554,22662,01/06/2014,New Westminster,49.2069,-122.9111
394,Channel Partners,Canada,Paseo,None,2518,10,12,30216,0,30216,7554,22662,01/06/2014,Prince George,53.9169,-122.7494
397,Enterprise,Canada,Paseo,High,1583,10,125,197875,25723.75,172151.25,189960,-17808.75,01/06/2014,Caledon,43.8667,-79.8667
398,Enterprise,Canada,VTT,High,1583,250,125,197875,25723.75,172151.25,189960,-17808.75,01/06/2014,Châteauguay,45.38,-73.75
399,Government,Canada,Montana,Medium,708,5,20,14160,1132.8,13027.2,7080,5947.2,01/06/2014,Belleville,44.1667,-77.3833
400,Government,Canada,Amarilla,Medium,708,260,20,14160,1132.8,13027.2,7080,5947.2,01/06/2014,Airdrie,51.2917,-114.0144
417,Government,Canada,Velo,Medium,1135,120,7,7945,556.15,7388.85,5675,1713.85,01/06/2014,Sarnia,42.9994,-82.3089
418,Government,Canada,Amarilla,Medium,1135,260,7,7945,556.15,7388.85,5675,1713.85,01/06/2014,Wood Buffalo,57.6042,-111.3284
424,Enterprise,Canada,Montana,None,2666,5,125,333187.5,0,333187.5,319860,13327.5,01/07/2014,Sault Ste. Marie,46.5333,-84.35
429,Government,Canada,Paseo,High,2104,10,350,736575,81023.25,655551.75,547170,108381.75,01/07/2014,Saint John,45.2806,-66.0761
430,Small Business,Canada,Velo,Medium,3794,120,300,1138050,102424.5,1035625.5,948375,87250.5,01/07/2014,Welland,42.9833,-79.2333
436,Channel Partners,Canada,Paseo,High,4026,10,12,48312,5314.32,42997.68,12078,30919.68,01/07/2014,Granby,45.4,-72.7333
439,Government,Canada,Carretera,Medium,819,3,7,5733,515.97,5217.03,4095,1122.03,01/07/2014,St. Albert,53.6303,-113.6258
445,Government,Canada,VTT,High,866,250,20,17310,2596.5,14713.5,8655,6058.5,01/07/2014,Fort McMurray,56.7333,-111.3833
446,Midmarket,Canada,Amarilla,Medium,1630,260,15,24457.5,2201.18,22256.33,16305,5951.33,01/07/2014,Fredericton,45.9636,-66.6431
457,Government,Canada,Paseo,High,2394,10,20,47880,5266.8,42613.2,23940,18673.2,01/08/2014,Grande Prairie,55.1708,-118.7947
459,Channel Partners,Canada,Carretera,Medium,1884,3,12,22608,1582.56,21025.44,5652,15373.44,01/08/2014,Medicine Hat,50.0417,-110.6775
468,Small Business,Canada,VTT,Low,1874,250,300,562200,16866,545334,468500,76834,01/08/2014,Halton Hills,43.63,-79.95
472,Government,Canada,Amarilla,Medium,552,260,350,193200,9660,183540,143520,40020,01/08/2014,Aurora,44,-79.4667
483,Midmarket,Canada,Paseo,High,2559,10,15,38385,5757.75,32627.25,25590,7037.25,01/08/2014,Port Coquitlam,49.2625,-122.7811
486,Government,Canada,Montana,Low,1830,5,7,12810,128.1,12681.9,9150,3531.9,01/08/2014,Mirabel,45.65,-74.0833
487,Enterprise,Canada,Velo,Low,923,120,125,115375,1153.75,114221.25,110760,3461.25,01/08/2014,Blainville,45.67,-73.88
491,Government,Canada,Paseo,Low,2074,10,20,41480,1659.2,39820.8,20740,19080.8,01/09/2014,Lac-Brome,45.2167,-72.5167
495,Channel Partners,Canada,Carretera,Low,1445,3,12,17340,173.4,17166.6,4335,12831.6,01/09/2014,North Vancouver,49.3202,-123.0699
506,Small Business,Canada,VTT,Medium,2134,250,300,640200,51216,588984,533500,55484,01/09/2014,Saint-Hyacinthe,45.6167,-72.95
509,Government,Canada,Amarilla,High,707,260,350,247450,24745,222705,183820,38885,01/09/2014,Bowmanville,43.9125,-78.6871
513,Midmarket,Canada,Paseo,Low,218,10,15,3270,130.8,3139.2,2180,959.2,01/09/2014,Beloeil,45.5667,-73.2
514,Government,Canada,Montana,High,388,5,7,2716,380.24,2335.76,1940,395.76,01/09/2014,North Bay,46.3,-79.45
515,Enterprise,Canada,Velo,Medium,567,120,125,70875,6378.75,64496.25,68040,-3543.75,01/09/2014,Charlottetown,46.2403,-63.1347
530,Small Business,Canada,Carretera,High,1496,3,300,448800,62832,385968,374000,11968,01/10/2014,Vernon,50.267,-119.272
531,Small Business,Canada,VTT,High,1496,250,300,448800,62832,385968,374000,11968,01/10/2014,Brandon,49.8483,-99.95
532,Channel Partners,Canada,Carretera,Low,1295,3,12,15540,310.8,15229.2,3885,11344.2,01/10/2014,Mascouche,45.75,-73.6
533,Channel Partners,Canada,Paseo,Low,1295,10,12,15540,310.8,15229.2,3885,11344.2,01/10/2014,Stouffville,43.9667,-79.25
536,Government,Canada,Montana,High,1249,5,20,24980,3247.4,21732.6,12490,9242.6,01/10/2014,Shawinigan,46.5667,-72.75
537,Government,Canada,Paseo,High,1249,10,20,24980,3247.4,21732.6,12490,9242.6,01/10/2014,Joliette,46.0167,-73.45
550,Government,Canada,Velo,Medium,1269,120,350,444150,39973.5,404176.5,329940,74236.5,01/10/2014,Rimouski,48.45,-68.53
551,Government,Canada,Amarilla,Medium,1269,260,350,444150,39973.5,404176.5,329940,74236.5,01/10/2014,Courtenay,49.6878,-124.9944
570,Midmarket,Canada,Paseo,High,1565,10,15,23475,3051.75,20423.25,15650,4773.25,01/10/2014,Dollard-des-Ormeaux,45.4833,-73.8167
571,Midmarket,Canada,VTT,High,1565,250,15,23475,3051.75,20423.25,15650,4773.25,01/10/2014,Cornwall,45.0275,-74.74
582,Government,Canada,Montana,High,2734,5,7,19138,2296.56,16841.44,13670,3171.44,01/10/2014,Victoriaville,46.05,-71.9667
583,Government,Canada,Amarilla,High,2734,260,7,19138,2296.56,16841.44,13670,3171.44,01/10/2014,Georgina,44.3,-79.4333
588,Enterprise,Canada,Paseo,Low,2009,10,125,251125,7533.75,243591.25,241080,2511.25,01/10/2014,Woodstock,43.1306,-80.7467
589,Enterprise,Canada,Velo,Low,2009,120,125,251125,7533.75,243591.25,241080,2511.25,01/10/2014,Langford Station,48.4506,-123.5058
599,Channel Partners,Canada,Montana,Medium,2321,5,12,27852,2506.68,25345.32,6963,18382.32,01/11/2014,Quinte West,44.1833,-77.5667
605,Government,Canada,Amarilla,Medium,1118,260,20,22360,1565.2,20794.8,11180,9614.8,01/11/2014,St. Thomas,42.775,-81.1833
607,Midmarket,Canada,Carretera,High,2689,3,15,40335,4840.2,35494.8,26890,8604.8,01/11/2014,Saint-Eustache,45.57,-73.9
615,Government,Canada,Paseo,High,700,10,350,245000,34300,210700,182000,28700,01/11/2014,West Vancouver,49.3667,-123.1667
616,Small Business,Canada,Paseo,High,1366,10,300,409800,45078,364722,341500,23222,01/11/2014,Georgetown,43.6526,-79.9281
622,Enterprise,Canada,VTT,High,2529,250,125,316125,31612.5,284512.5,303480,-18967.5,01/11/2014,New Tecumseth,44.0833,-79.75
628,Government,Canada,Velo,High,1808,120,7,12656,1392.16,11263.84,9040,2223.84,01/11/2014,Innisfil,44.3,-79.5833
631,Government,Canada,Paseo,None,1817,10,20,36340,0,36340,18170,18170,01/12/2014,Vaudreuil-Dorion,45.4,-74.0333
632,Government,Canada,VTT,None,1817,250,20,36340,0,36340,18170,18170,01/12/2014,Bradford West Gwillimbury,44.1333,-79.6333
649,Government,Canada,Carretera,Low,2852,3,350,998200,19964,978236,741520,236716,01/12/2014,Salaberry-de-Valleyfield,45.25,-74.13
650,Government,Canada,Paseo,Low,2852,10,350,998200,19964,978236,741520,236716,01/12/2014,Rouyn-Noranda,48.2333,-79.0167
657,Small Business,Canada,Paseo,Low,1916,10,300,574800,11496,563304,479000,84304,01/12/2014,Boucherville,45.6,-73.45
658,Small Business,Canada,Amarilla,Low,1916,260,300,574800,11496,563304,479000,84304,01/12/2014,Mission,49.1337,-122.3112
667,Channel Partners,Canada,Paseo,Medium,2431,10,12,29172,1458.6,27713.4,7293,20420.4,01/12/2014,Timmins,48.4667,-81.3333
668,Channel Partners,Canada,Velo,Medium,2431,120,12,29172,1458.6,27713.4,7293,20420.4,01/12/2014,Lakeshore,42.2399,-82.6511
682,Enterprise,Canada,Paseo,Low,2729,10,125,341125,6822.5,334302.5,327480,6822.5,01/12/2014,Brant,43.1167,-80.3667
683,Enterprise,Canada,VTT,Low,2729,250,125,341125,6822.5,334302.5,327480,6822.5,01/12/2014,Spruce Grove,53.545,-113.9008
684,Midmarket,Canada,Carretera,High,2300,3,15,34500,4830,29670,23000,6670,01/12/2014,Bradford,44.1167,-79.5667
685,Midmarket,Canada,Montana,High,2300,5,15,34500,4830,29670,23000,6670,01/12/2014,Campbell River,50.0244,-125.2475
694,Government,Canada,Velo,Medium,1582,120,7,11074,775.18,10298.82,7910,2388.82,01/12/2014,Prince Albert,53.2,-105.75
695,Government,Canada,VTT,Medium,1582,250,7,11074,775.18,10298.82,7910,2388.82,01/12/2014,Penticton,49.4911,-119.5886
38,Channel Partners,France,VTT,Medium,2234,250,12,26808,2412.72,24395.28,6702,17693.28,01/09/2013,Paris,48.8567,2.3522
39,Small Business,France,Montana,Medium,322,5,300,96600,8694,87906,80500,7406,01/09/2013,Bordeaux,44.84,-0.58
40,Government,France,VTT,None,1527,250,350,534450,0,534450,397020,137430,01/09/2013,Marseille,43.2964,5.37
41,Government,France,Velo,High,2805,120,20,56100,6171,49929,28050,21879,01/09/2013,Lyon,45.76,4.84
42,Government,France,Paseo,Medium,1031,10,7,7217,505.19,6711.81,5155,1556.81,01/09/2013,Toulouse,43.6045,1.444
43,Enterprise,France,Carretera,High,1023,3,125,127875,17902.5,109972.5,122760,-12787.5,01/09/2013,Nice,43.7034,7.2663
44,Midmarket,France,Paseo,None,549,10,15,8235,0,8235,5490,2745,01/09/2013,Nantes,47.2181,-1.5528
45,Government,France,Montana,Medium,1757,5,20,35140,2108.4,33031.6,17570,15461.6,01/10/2013,Montpellier,43.6119,3.8772
46,Government,France,Paseo,Medium,1757,10,20,35140,2108.4,33031.6,17570,15461.6,01/10/2013,Strasbourg,48.5833,7.7458
47,Channel Partners,France,Carretera,High,1198,3,12,14376,1581.36,12794.64,3594,9200.64,01/10/2013,Lille,50.6278,3.0583
48,Channel Partners,France,Paseo,High,1198,10,12,14376,1581.36,12794.64,3594,9200.64,01/10/2013,Rennes,48.1147,-1.6794
49,Midmarket,France,Paseo,High,2167,10,15,32505,3250.5,29254.5,21670,7584.5,01/10/2013,Toulon,43.1258,5.9306
50,Midmarket,France,VTT,High,2167,250,15,32505,3250.5,29254.5,21670,7584.5,01/10/2013,Reims,49.2628,4.0347
51,Government,France,Velo,Medium,2076,120,350,726600,43596,683004,539760,143244,01/10/2013,Saint-Étienne,45.4347,4.3903
52,Government,France,Amarilla,Medium,2076,260,350,726600,43596,683004,539760,143244,01/10/2013,Le Havre,49.49,0.1
53,Small Business,France,Velo,Medium,1221,120,300,366300,21978,344322,305250,39072,01/10/2013,Villeurbanne,45.7667,4.8803
54,Small Business,France,VTT,Medium,1221,250,300,366300,21978,344322,305250,39072,01/10/2013,Dijon,47.3167,5.0167
55,Enterprise,France,Paseo,Medium,704,10,125,88000,4400,83600,84480,-880,01/10/2013,Angers,47.4736,-0.5542
56,Enterprise,France,Velo,Medium,704,120,125,88000,4400,83600,84480,-880,01/10/2013,Grenoble,45.1715,5.7224
57,Government,France,Montana,Medium,1403,5,7,9821,589.26,9231.74,7015,2216.74,01/10/2013,Nîmes,43.8383,4.3597
58,Government,France,Amarilla,Medium,1403,260,7,9821,589.26,9231.74,7015,2216.74,01/10/2013,Aix-en-Provence,43.5263,5.4454
59,Channel Partners,France,Paseo,Low,1785,10,12,21420,428.4,20991.6,5355,15636.6,01/11/2013,Clermont-Ferrand,45.7831,3.0824
60,Small Business,France,Velo,Medium,386,120,300,115800,9264,106536,96500,10036,01/11/2013,Le Mans,48.0077,0.1984
61,Government,France,Paseo,High,1922,10,350,672700,94178,578522,499720,78802,01/11/2013,Brest,48.39,-4.49
62,Government,France,VTT,Medium,2682,250,20,53640,4827.6,48812.4,26820,21992.4,01/11/2013,Tours,47.3936,0.6892
63,Midmarket,France,Amarilla,Low,321,260,15,4815,48.15,4766.85,3210,1556.85,01/11/2013,Amiens,49.892,2.299
64,Enterprise,France,Montana,Medium,1857,5,125,232125,20891.25,211233.75,222840,-11606.25,01/11/2013,Annecy,45.916,6.133
65,Government,France,Carretera,Low,2145,3,7,15015,300.3,14714.7,10725,3989.7,01/11/2013,Limoges,45.8353,1.2625
66,Small Business,France,Montana,High,1186,5,300,355800,42696,313104,296500,16604,01/12/2013,Metz,49.1203,6.1778
67,Midmarket,France,Paseo,Low,2261,10,15,33915,1356.6,32558.4,22610,9948.4,01/12/2013,Perpignan,42.6986,2.8956
68,Government,France,Velo,Medium,1033,120,20,20660,1033,19627,10330,9297,01/12/2013,Boulogne-Billancourt,48.8352,2.2409
69,Government,France,VTT,High,1281,250,350,448350,62769,385581,333060,52521,01/12/2013,Besançon,47.24,6.02
70,Enterprise,France,Carretera,High,1482,3,125,185250,18525,166725,177840,-11115,01/12/2013,Orléans,47.9025,1.909
71,Government,France,Paseo,Medium,2136,10,7,14952,747.6,14204.4,10680,3524.4,01/12/2013,Rouen,49.4428,1.0886
72,Channel Partners,France,Amarilla,Medium,306,260,12,3672,330.48,3341.52,918,2423.52,01/12/2013,Saint-Denis,48.9356,2.3539
73,Government,France,Carretera,High,2522,3,20,50430,6051.6,44378.4,25215,19163.4,01/01/2014,Montreuil,48.8611,2.4436
74,Channel Partners,France,VTT,High,1734,250,12,20808,2288.88,18519.12,5202,13317.12,01/01/2014,Caen,49.1814,-0.3636
75,Midmarket,France,Velo,High,3998,120,15,59962.5,7795.13,52167.38,39975,12192.38,01/01/2014,Argenteuil,48.9478,2.2489
76,Government,France,Paseo,Low,3945,10,7,27615,276.15,27338.85,19725,7613.85,01/01/2014,Mulhouse,47.75,7.34
77,Government,France,Montana,Medium,1384,5,350,484575,24228.75,460346.25,359970,100376.25,01/01/2014,Nancy,48.6936,6.1846
78,Small Business,France,Paseo,Low,2434,10,300,730350,21910.5,708439.5,608625,99814.5,01/01/2014,Roubaix,50.6901,3.1817
204,Enterprise,France,Amarilla,Medium,1988,260,125,248437.5,14906.25,233531.25,238500,-4968.75,01/01/2014,Tourcoing,50.7239,3.1612
213,Channel Partners,France,Carretera,Medium,1865,3,12,22380,1119,21261,5595,15666,01/02/2014,Nanterre,48.8988,2.1969
216,Government,France,Paseo,Medium,1303,10,20,26060,1303,24757,13030,11727,01/02/2014,Vitry-sur-Seine,48.7875,2.3928
217,Midmarket,France,Paseo,Low,2296,10,15,34440,344.4,34095.6,22960,11135.6,01/02/2014,Créteil,48.7911,2.4628
220,Enterprise,France,Velo,None,1804,120,125,225500,0,225500,216480,9020,01/02/2014,Avignon,43.95,4.8075
222,Government,France,Amarilla,None,2750,260,350,962500,0,962500,715000,247500,01/02/2014,Colombes,48.9236,2.2522
230,Small Business,France,VTT,Medium,959,250,300,287700,20139,267561,239750,27811,01/02/2014,Aubervilliers,48.9131,2.3831
236,Government,France,Montana,High,293,5,7,2051,287.14,1763.86,1465,298.86,01/02/2014,Poitiers,46.58,0.34
248,Government,France,Paseo,High,1954,10,20,39080,3908,35172,19540,15632,01/03/2014,Dunkerque,51.0383,2.3775
249,Channel Partners,France,Velo,Medium,1967,120,12,23604,2124.36,21479.64,5901,15578.64,01/03/2014,Aulnay-sous-Bois,48.9386,2.4906
251,Small Business,France,Amarilla,High,2475,260,300,742500,111375,631125,618750,12375,01/03/2014,Versailles,48.805,2.135
254,Midmarket,France,Montana,Medium,2501,5,15,37515,3001.2,34513.8,25010,9503.8,01/03/2014,Courbevoic,48.8978,2.2531
261,Government,France,Carretera,High,1790,3,350,626500,81445,545055,465400,79655,01/03/2014,Rueil-Malmaison,48.876,2.181
268,Enterprise,France,Paseo,Medium,2385,10,125,298125,14906.25,283218.75,286200,-2981.25,01/03/2014,Béziers,43.3476,3.219
280,Government,France,VTT,High,1491,250,7,10437,1252.44,9184.56,7455,1729.56,01/03/2014,La Rochelle,46.16,-1.15
284,Midmarket,France,Paseo,Medium,3801,10,15,57015,3420.9,53594.1,38010,15584.1,01/04/2014,Pau,43.3,-0.37
285,Channel Partners,France,VTT,Medium,1738,250,12,20862,1460.34,19401.66,5215.5,14186.16,01/04/2014,Champigny-sur-Marne,48.8172,2.5156
297,Government,France,Velo,Low,3864,120,20,77280,772.8,76507.2,38640,37867.2,01/04/2014,Mérignac,44.8386,-0.6436
299,Government,France,VTT,Medium,574,250,350,201075,16086,184989,149370,35619,01/04/2014,Antibes,43.5808,7.1239
302,Small Business,France,Montana,High,1773,5,300,531900,63828,468072,443250,24822,01/04/2014,Saint-Maur-des-Fossés,48.7994,2.4997
308,Enterprise,France,Carretera,Low,4244,3,125,530437.5,15913.13,514524.38,509220,5304.38,01/04/2014,Ajaccio,41.9267,8.7369
311,Government,France,Paseo,High,2532,10,7,17724,1949.64,15774.36,12660,3114.36,01/04/2014,Cannes,43.5513,7.0128
318,Government,France,Carretera,Medium,1563,3,20,31260,1563,29697,15630,14067,01/05/2014,Saint-Nazaire,47.2736,-2.2139
324,Midmarket,France,Velo,High,2826,120,15,42390,6358.5,36031.5,28260,7771.5,01/05/2014,Noisy-le-Grand,48.8478,2.5528
325,Channel Partners,France,VTT,Low,866,250,12,10392,415.68,9976.32,2598,7378.32,01/05/2014,Drancy,48.93,2.45
330,Government,France,Montana,Medium,1666,5,350,583100,52479,530621,433160,97461,01/05/2014,Cergy,49.0361,2.0631
333,Small Business,France,Paseo,Low,918,10,300,275400,5508,269892,229500,40392,01/05/2014,Levallois-Perret,48.895,2.2872
341,Enterprise,France,Amarilla,High,1433,260,125,179125,19703.75,159421.25,171960,-12538.75,01/05/2014,Issy-les-Moulineaux,48.8239,2.27
350,Government,France,Paseo,Low,1030,10,7,7210,72.1,7137.9,5150,1987.9,01/05/2014,Calais,50.9481,1.8564
351,Government,France,Montana,None,1899,5,20,37980,0,37980,18990,18990,01/06/2014,Colmar,48.0817,7.3556
352,Government,France,Amarilla,None,1899,260,20,37980,0,37980,18990,18990,01/06/2014,Pessac,44.8067,-0.6311
353,Channel Partners,France,Montana,Low,1901,5,12,22812,684.36,22127.64,5703,16424.64,01/06/2014,Vénissieux,45.6978,4.8867
354,Channel Partners,France,Paseo,Low,1901,10,12,22812,684.36,22127.64,5703,16424.64,01/06/2014,Clichy,48.9044,2.3064
357,Small Business,France,Carretera,Medium,448,3,300,134400,9408,124992,112000,12992,01/06/2014,Quimper,47.9967,-4.0964
358,Small Business,France,Paseo,Medium,448,10,300,134400,9408,124992,112000,12992,01/06/2014,Ivry-sur-Seine,48.8078,2.3747
365,Midmarket,France,Carretera,None,2178,3,15,32670,0,32670,21780,10890,01/06/2014,Valence,44.9333,4.8917
366,Midmarket,France,VTT,None,2178,250,15,32670,0,32670,21780,10890,01/06/2014,Bourges,47.0844,2.3964
377,Government,France,Paseo,Medium,1496,10,350,523600,31416,492184,388960,103224,01/06/2014,Antony,48.7539,2.2975
378,Government,France,Velo,Medium,1496,120,350,523600,31416,492184,388960,103224,01/06/2014,La Seyne-sur-Mer,43.1,5.883
395,Government,France,Velo,High,1190,120,7,8330,1082.9,7247.1,5950,1297.1,01/06/2014,Montauban,44.0181,1.3558
396,Government,France,Amarilla,High,1190,260,7,8330,1082.9,7247.1,5950,1297.1,01/06/2014,Troyes,48.2997,4.0792
409,Enterprise,France,Paseo,Low,787,10,125,98375,983.75,97391.25,94440,2951.25,01/06/2014,Pantin,48.8966,2.4017
410,Enterprise,France,VTT,Low,787,250,125,98375,983.75,97391.25,94440,2951.25,01/06/2014,Chambéry,45.57,5.9118
421,Channel Partners,France,Paseo,High,2426,10,12,29106,3201.66,25904.34,7276.5,18627.84,01/07/2014,Niort,46.3258,-0.4606
423,Government,France,Montana,Low,1376,5,20,27510,275.1,27234.9,13755,13479.9,01/07/2014,Juan-les-Pins,43.5711,7.1094
425,Midmarket,France,VTT,High,3874,250,15,58117.5,6974.1,51143.4,38745,12398.4,01/07/2014,Le Blanc-Mesnil,48.9387,2.4614
433,Small Business,France,Velo,Medium,1659,120,300,497700,34839,462861,414750,48111,01/07/2014,Neuilly-sur-Seine,48.8881,2.2686
435,Government,France,Velo,High,639,120,350,223650,22365,201285,166140,35145,01/07/2014,Sarcelles,48.9956,2.3808
440,Enterprise,France,Paseo,Low,2988,10,125,373500,14940,358560,358560,0,01/07/2014,Fréjus,43.433,6.737
450,Government,France,Amarilla,High,3422,260,7,23950.5,2874.06,21076.44,17107.5,3968.94,01/07/2014,Lorient,47.75,-3.36
458,Channel Partners,France,Amarilla,High,2475,260,12,29700,4158,25542,7425,18117,01/08/2014,Villejuif,48.7919,2.3636
460,Government,France,Velo,Medium,1579,120,20,31580,1579,30001,15790,14211,01/08/2014,Bellevue,48.871,2.385
465,Midmarket,France,Paseo,Medium,2101,10,15,31515,2206.05,29308.95,21010,8298.95,01/08/2014,Maisons-Alfort,48.8058,2.4378
471,Small Business,France,Montana,Medium,1562,5,300,468600,37488,431112,390500,40612,01/08/2014,Clamart,48.8014,2.2628
475,Government,France,VTT,Medium,381,250,350,133350,10668,122682,99060,23622,01/08/2014,Narbonne,43.1836,3.0042
480,Enterprise,France,Carretera,High,1174,3,125,146750,22012.5,124737.5,140880,-16142.5,01/08/2014,Meaux,48.9603,2.8883
488,Government,France,Paseo,High,2696,10,7,18872,2453.36,16418.64,13480,2938.64,01/08/2014,Beauvais,49.4303,2.0952
494,Government,France,Paseo,Medium,1535,10,20,30700,2149,28551,15350,13201,01/09/2014,Hyères,43.1199,6.1316
498,Midmarket,France,Paseo,Medium,2620,10,15,39300,1965,37335,26200,11135,01/09/2014,Bobigny,48.9106,2.4397
501,Government,France,Amarilla,Medium,2876,260,350,1006600,70462,936138,747760,188378,01/09/2014,Vannes,47.6559,-2.7603
505,Small Business,France,VTT,None,2151,250,300,645300,0,645300,537750,107550,01/09/2014,La Roche-sur-Yon,46.6705,-1.426
511,Channel Partners,France,Carretera,Low,2671,3,12,32052,320.52,31731.48,8013,23718.48,01/09/2014,Chelles,48.8833,2.6
512,Government,France,Montana,Low,544,5,7,3808,114.24,3693.76,2720,973.76,01/09/2014,Cholet,47.06,-0.8783
517,Enterprise,France,Velo,High,663,120,125,82875,12431.25,70443.75,79560,-9116.25,01/09/2014,Corbeil-Essonnes,48.6139,2.482
526,Government,France,Montana,Medium,1976,5,20,39520,2766.4,36753.6,19760,16993.6,01/10/2014,Évry,48.6238,2.4296
527,Government,France,Velo,Medium,1976,120,20,39520,2766.4,36753.6,19760,16993.6,01/10/2014,Épinay-sur-Seine,48.9553,2.3092
534,Channel Partners,France,Paseo,High,1393,10,12,16716,2340.24,14375.76,4179,10196.76,01/10/2014,Bayonne,43.49,-1.48
535,Channel Partners,France,Amarilla,High,1393,260,12,16716,2340.24,14375.76,4179,10196.76,01/10/2014,Saint-Ouen,48.9123,2.3342
544,Government,France,Velo,Low,2177,120,350,761950,30478,731472,566020,165452,01/10/2014,Saint-Quentin,49.8486,3.2864
545,Government,France,VTT,Low,2177,250,350,761950,30478,731472,566020,165452,01/10/2014,Cagnes-sur-Mer,43.6644,7.1489
552,Small Business,France,Carretera,Medium,2181,3,300,654300,45801,608499,545250,63249,01/10/2014,Fontenay-sous-Bois,48.8517,2.4772
553,Small Business,France,Montana,Medium,2181,5,300,654300,45801,608499,545250,63249,01/10/2014,Vaulx-en-Velin,45.7768,4.9186
564,Enterprise,France,Carretera,High,2441,3,125,305125,33563.75,271561.25,292920,-21358.75,01/10/2014,Sevran,48.9333,2.5333
565,Enterprise,France,Paseo,High,2441,10,125,305125,33563.75,271561.25,292920,-21358.75,01/10/2014,Sartrouville,48.9372,2.1644
574,Midmarket,France,Paseo,Medium,1227,10,15,18405,1656.45,16748.55,12270,4478.55,01/10/2014,Arles,43.6767,4.6278
575,Midmarket,France,VTT,Medium,1227,250,15,18405,1656.45,16748.55,12270,4478.55,01/10/2014,Bondy,48.9022,2.4828
594,Government,France,Paseo,High,1731,10,7,12117,1696.38,10420.62,8655,1765.62,01/10/2014,Gennevilliers,48.9256,2.2944
595,Government,France,Amarilla,High,1731,260,7,12117,1696.38,10420.62,8655,1765.62,01/10/2014,Albi,43.9289,2.1464
597,Channel Partners,France,Montana,Medium,2342,5,12,28104,1967.28,26136.72,7026,19110.72,01/11/2014,Massy,48.7309,2.2713
606,Government,France,Amarilla,Low,941,260,20,18820,376.4,18443.6,9410,9033.6,01/11/2014,Saint-Herblain,47.2122,-1.6497
610,Government,France,Paseo,High,1594,10,350,557900,66948,490952,414440,76512,01/11/2014,Laval,48.0733,-0.7689
613,Small Business,France,Paseo,Medium,1324,10,300,397200,35748,361452,331000,30452,01/11/2014,Saint-Priest,45.6972,4.9447
618,Government,France,Velo,Low,639,120,7,4473,44.73,4428.27,3195,1233.27,01/11/2014,Suresnes,48.87,2.22
624,Enterprise,France,VTT,Low,1744,250,125,218000,2180,215820,209280,6540,01/11/2014,Martigues,43.4053,5.0475
630,Midmarket,France,Carretera,Medium,490,3,15,7350,588,6762,4900,1862,01/11/2014,Grasse,43.6667,6.9167
633,Small Business,France,Velo,High,853,120,300,255900,25590,230310,213250,17060,01/12/2014,Vincennes,48.8478,2.4392
634,Small Business,France,Amarilla,High,853,260,300,255900,25590,230310,213250,17060,01/12/2014,Évreux,49.02,1.15
643,Channel Partners,France,Paseo,Low,1055,10,12,12660,253.2,12406.8,3165,9241.8,01/12/2014,Aubagne,43.2908,5.5708
644,Channel Partners,France,Velo,Low,1055,120,12,12660,253.2,12406.8,3165,9241.8,01/12/2014,Bastia,42.7008,9.4503
647,Midmarket,France,Montana,High,2072,5,15,31080,3108,27972,20720,7252,01/12/2014,Saint-Malo,48.6494,-2.0261
648,Midmarket,France,Amarilla,High,2072,260,15,31080,3108,27972,20720,7252,01/12/2014,Blois,47.5939,1.3281
651,Government,France,Carretera,Low,2155,3,350,754250,7542.5,746707.5,560300,186407.5,01/12/2014,La Courneuve,48.9322,2.3967
652,Government,France,Paseo,Low,2155,10,350,754250,7542.5,746707.5,560300,186407.5,01/12/2014,Brive-la-Gaillarde,45.1583,1.5321
669,Enterprise,France,Paseo,Low,1287,10,125,160875,4826.25,156048.75,154440,1608.75,01/12/2014,Meudon,48.8123,2.2382
688,Government,France,Carretera,Medium,2487,3,7,17409,870.45,16538.55,12435,4103.55,01/12/2014,Livry-Gargan,48.9192,2.5361
689,Government,France,VTT,Medium,2487,250,7,17409,870.45,16538.55,12435,4103.55,01/12/2014,Carcassonne,43.21,2.35
698,Government,France,Paseo,High,293,10,20,5860,879,4981,2930,2051,01/12/2014,Montrouge,48.8172,2.3219
699,Government,France,VTT,High,293,250,20,5860,879,4981,2930,2051,01/12/2014,Choisy-le-Roi,48.763,2.409
700,Enterprise,France,Montana,Low,1287,5,125,160875,4826.25,156048.75,154440,1608.75,01/12/2014,Rosny-sous-Bois,48.8667,2.4833
1,Channel Partners,Germany,VTT,Medium,2215,250,12,26580,1860.6,24719.4,6645,18074.4,01/09/2013,Berlin,52.52,13.405
2,Government,Germany,Montana,Low,1797,5,350,628950,18868.5,610081.5,467220,142861.5,01/09/2013,Stuttgart,48.7775,9.18
3,Small Business,Germany,Paseo,Medium,1123,10,300,336900,23583,313317,280750,32567,01/09/2013,Munich,48.1375,11.575
4,Enterprise,Germany,Amarilla,Medium,994,260,125,124250,8697.5,115552.5,119280,-3727.5,01/09/2013,Hamburg,53.55,10
5,Government,Germany,Paseo,Medium,2409,10,7,16863,1349.04,15513.96,12045,3468.96,01/09/2013,Cologne,50.9364,6.9528
6,Government,Germany,Carretera,High,442,3,20,8840,1149.2,7690.8,4420,3270.8,01/09/2013,Frankfurt,50.1106,8.6822
7,Midmarket,Germany,Velo,High,660,120,15,9900,1287,8613,6600,2013,01/09/2013,Düsseldorf,51.2256,6.7767
8,Small Business,Germany,Carretera,Low,214,3,300,64200,1284,62916,53500,9416,01/10/2013,Leipzig,51.34,12.375
9,Small Business,Germany,VTT,Low,214,250,300,64200,1284,62916,53500,9416,01/10/2013,Dortmund,51.5139,7.4653
10,Midmarket,Germany,Paseo,Low,1945,10,15,29175,875.25,28299.75,19450,8849.75,01/10/2013,Essen,51.4508,7.0131
11,Midmarket,Germany,VTT,Low,1945,250,15,29175,875.25,28299.75,19450,8849.75,01/10/2013,Bremen,53.0758,8.8072
12,Government,Germany,Velo,Low,2966,120,350,1038100,20762,1017338,771160,246178,01/10/2013,Dresden,51.05,13.74
13,Government,Germany,Amarilla,Low,2966,260,350,1038100,20762,1017338,771160,246178,01/10/2013,Braunschweig,52.2667,10.5167
14,Government,Germany,Montana,High,2992,5,20,59840,6582.4,53257.6,29920,23337.6,01/10/2013,Hannover,52.3667,9.7167
15,Government,Germany,Paseo,High,2992,10,20,59840,6582.4,53257.6,29920,23337.6,01/10/2013,Nuremberg,49.4539,11.0775
16,Channel Partners,Germany,Carretera,Low,766,3,12,9192,91.92,9100.08,2298,6802.08,01/10/2013,Duisburg,51.4347,6.7625
17,Channel Partners,Germany,Paseo,Low,766,10,12,9192,91.92,9100.08,2298,6802.08,01/10/2013,Bochum,51.4819,7.2158
18,Enterprise,Germany,Paseo,Low,809,10,125,101125,2022.5,99102.5,97080,2022.5,01/10/2013,Wuppertal,51.2667,7.1833
19,Enterprise,Germany,Velo,Low,809,120,125,101125,2022.5,99102.5,97080,2022.5,01/10/2013,Bielefeld,52.0211,8.5347
20,Government,Germany,Montana,Medium,1159,5,7,8113,405.65,7707.35,5795,1912.35,01/10/2013,Bonn,50.7353,7.1022
21,Government,Germany,Amarilla,Medium,1159,260,7,8113,405.65,7707.35,5795,1912.35,01/10/2013,Münster,51.9625,7.6256
22,Channel Partners,Germany,Paseo,Medium,1775,10,12,21300,1917,19383,5325,14058,01/11/2013,Mannheim,49.4878,8.4661
23,Government,Germany,Paseo,Medium,2146,10,350,751100,60088,691012,557960,133052,01/11/2013,Karlsruhe,49.0092,8.404
24,Government,Germany,VTT,Medium,2297,250,20,45940,2297,43643,22970,20673,01/11/2013,Augsburg,48.3689,10.8978
25,Small Business,Germany,Velo,High,2536,120,300,760800,106512,654288,634000,20288,01/11/2013,Wiesbaden,50.0825,8.24
26,Enterprise,Germany,Montana,Medium,2500,5,125,312500,21875,290625,300000,-9375,01/11/2013,Mönchengladbach,51.2,6.4333
27,Midmarket,Germany,Amarilla,Medium,970,260,15,14550,1309.5,13240.5,9700,3540.5,01/11/2013,Gelsenkirchen,51.5167,7.1
28,Government,Germany,Carretera,Medium,1016,3,7,7112,355.6,6756.4,5080,1676.4,01/11/2013,Aachen,50.7756,6.0836
29,Channel Partners,Germany,Amarilla,High,1770,260,12,21240,2761.2,18478.8,5310,13168.8,01/12/2013,Chemnitz,50.8333,12.9167
30,Midmarket,Germany,Paseo,Medium,2116,10,15,31740,1587,30153,21160,8993,01/12/2013,Kiel,54.3233,10.1394
31,Small Business,Germany,Montana,Medium,334,5,300,100200,9018,91182,83500,7682,01/12/2013,Halle,51.4828,11.9697
32,Government,Germany,VTT,High,1870,250,350,654500,65450,589050,486200,102850,01/12/2013,Magdeburg,52.1317,11.6392
33,Enterprise,Germany,Carretera,Medium,887,3,125,110875,6652.5,104222.5,106440,-2217.5,01/12/2013,Freiburg im Breisgau,47.995,7.85
34,Government,Germany,Velo,Medium,588,120,20,11760,823.2,10936.8,5880,5056.8,01/12/2013,Krefeld,51.3333,6.5667
35,Government,Germany,Paseo,Medium,2125,10,7,14875,1041.25,13833.75,10625,3208.75,01/12/2013,Mainz,49.9994,8.2736
36,Government,Germany,Carretera,None,1321,3,20,26420,0,26420,13210,13210,01/01/2014,Lübeck,53.8697,10.6864
37,Small Business,Germany,Paseo,High,807,10,300,242100,31473,210627,201750,8877,01/01/2014,Oberhausen,51.4967,6.8706
196,Government,Germany,Montana,High,766,5,350,268100,29491,238609,199160,39449,01/01/2014,Rostock,54.0833,12.1333
198,Channel Partners,Germany,VTT,Low,2479,250,12,29748,892.44,28855.56,7437,21418.56,01/01/2014,Kassel,51.3158,9.4979
206,Enterprise,Germany,Amarilla,High,3165,260,125,395625,43518.75,352106.25,379800,-27693.75,01/01/2014,Hagen,51.3667,7.4833
208,Midmarket,Germany,Velo,High,681,120,15,10215,1021.5,9193.5,6810,2383.5,01/01/2014,Potsdam,52.4006,13.0592
210,Government,Germany,Paseo,Medium,1372,10,7,9604,480.2,9123.8,6860,2263.8,01/01/2014,Saarbrücken,49.2333,7
219,Channel Partners,Germany,Carretera,Medium,1116,3,12,13392,669.6,12722.4,3348,9374.4,01/02/2014,Hamm,51.6833,7.8167
227,Government,Germany,Amarilla,Medium,1350,260,350,472500,23625,448875,351000,97875,01/02/2014,Ludwigshafen,49.4811,8.4353
229,Small Business,Germany,VTT,Medium,2659,250,300,797700,71793,725907,664750,61157,01/02/2014,Oldenburg,53.1439,8.2139
231,Government,Germany,Paseo,High,2708,10,20,54160,7040.8,47119.2,27080,20039.2,01/02/2014,Mülheim,51.4275,6.8825
234,Midmarket,Germany,Paseo,High,278,10,15,4170,583.8,3586.2,2780,806.2,01/02/2014,Osnabrück,52.2833,8.05
237,Enterprise,Germany,Velo,Medium,807,120,125,100875,5043.75,95831.25,96840,-1008.75,01/02/2014,Leverkusen,51.0333,6.9833
243,Government,Germany,Montana,Low,1958,5,7,13706,411.18,13294.82,9790,3504.82,01/02/2014,Darmstadt,49.8722,8.6528
246,Channel Partners,Germany,Velo,None,2161,120,12,25932,0,25932,6483,19449,01/03/2014,Heidelberg,49.4167,8.7167
252,Small Business,Germany,Amarilla,Low,259,260,300,77700,1554,76146,64750,11396,01/03/2014,Solingen,51.1719,7.0847
257,Government,Germany,Paseo,High,1158,10,20,23160,3474,19686,11580,8106,01/03/2014,Regensburg,49.0167,12.0833
265,Government,Germany,Carretera,High,792,3,350,277200,30492,246708,205920,40788,01/03/2014,Herne,51.55,7.2167
266,Government,Germany,VTT,Low,263,250,7,1841,18.41,1822.59,1315,507.59,01/03/2014,Paderborn,51.7181,8.7542
267,Enterprise,Germany,Paseo,Low,795,10,125,99375,3975,95400,95400,0,01/03/2014,Neuss,51.2,6.7
273,Midmarket,Germany,Montana,None,921,5,15,13815,0,13815,9210,4605,01/03/2014,Ingolstadt,48.7631,11.425
295,Small Business,Germany,Paseo,Low,1414,10,300,424350,16974,407376,353625,53751,01/04/2014,Fürth,49.4667,11
296,Government,Germany,Montana,High,1199,5,350,419650,58751,360899,311740,49159,01/04/2014,Heilbronn,49.15,9.2167
301,Channel Partners,Germany,VTT,None,2838,250,12,34056,0,34056,8514,25542,01/04/2014,Ulm,48.4,9.9833
303,Government,Germany,Carretera,Low,2580,3,20,51600,1548,50052,25800,24252,01/04/2014,Pforzheim,48.895,8.705
304,Enterprise,Germany,Amarilla,None,4220,260,125,527437.5,0,527437.5,506340,21097.5,01/04/2014,Würzburg,49.7833,9.9333
314,Government,Germany,Paseo,Medium,1259,10,7,8813,705.04,8107.96,6295,1812.96,01/04/2014,Wolfsburg,52.4231,10.7872
315,Midmarket,Germany,Velo,High,510,120,15,7650,765,6885,5100,1785,01/04/2014,Göttingen,51.5339,9.9356
329,Government,Germany,Montana,Medium,1460,5,350,511000,30660,480340,379600,100740,01/05/2014,Bottrop,51.5247,6.9228
331,Small Business,Germany,Paseo,Low,1728,10,300,518400,10368,508032,432000,76032,01/05/2014,Reutlingen,48.4833,9.2167
335,Government,Germany,Paseo,Medium,1095,10,7,7665,613.2,7051.8,5475,1576.8,01/05/2014,Erlangen,49.5833,11.0167
343,Channel Partners,Germany,VTT,Medium,880,250,12,10560,950.4,9609.6,2640,6969.6,01/05/2014,Koblenz,50.3597,7.5978
344,Midmarket,Germany,Velo,Medium,1530,120,15,22950,1377,21573,15300,6273,01/05/2014,Bremerhaven,53.55,8.5833
345,Enterprise,Germany,Amarilla,Low,2276,260,125,284500,5690,278810,273120,5690,01/05/2014,Remscheid,51.1833,7.2
346,Government,Germany,Carretera,Medium,663,3,20,13260,1193.4,12066.6,6630,5436.6,01/05/2014,Trier,49.7567,6.6414
355,Channel Partners,Germany,Montana,None,1545,5,12,18540,0,18540,4635,13905,01/06/2014,Bergisch Gladbach,50.9918,7.1303
356,Channel Partners,Germany,Velo,None,1545,120,12,18540,0,18540,4635,13905,01/06/2014,Recklinghausen,51.585,7.1619
363,Government,Germany,Paseo,Medium,1366,10,20,27320,2185.6,25134.4,13660,11474.4,01/06/2014,Jena,50.9272,11.5861
364,Government,Germany,Amarilla,Medium,1366,260,20,27320,2185.6,25134.4,13660,11474.4,01/06/2014,Moers,51.4592,6.6197
379,Government,Germany,Paseo,None,1006,10,350,352100,0,352100,261560,90540,01/06/2014,Salzgitter,52.15,10.3333
380,Government,Germany,Velo,None,1006,120,350,352100,0,352100,261560,90540,01/06/2014,Hanau,50.1328,8.9169
389,Small Business,Germany,Carretera,Low,689,3,300,206700,6201,200499,172250,28249,01/06/2014,Gütersloh,51.9,8.3833
390,Small Business,Germany,Paseo,Low,689,10,300,206700,6201,200499,172250,28249,01/06/2014,Hildesheim,52.15,9.95
403,Midmarket,Germany,Carretera,None,888,3,15,13320,0,13320,8880,4440,01/06/2014,Siegen,50.8833,8.0167
404,Midmarket,Germany,VTT,None,888,250,15,13320,0,13320,8880,4440,01/06/2014,Kaiserslautern,49.4447,7.7689
407,Government,Germany,Velo,Medium,2338,120,7,16366,1309.28,15056.72,11690,3366.72,01/06/2014,Cottbus,51.7606,14.3342
408,Government,Germany,VTT,Medium,2338,250,7,16366,1309.28,15056.72,11690,3366.72,01/06/2014,Schwerin,53.6333,11.4167
415,Enterprise,Germany,Paseo,Low,1570,10,125,196250,5887.5,190362.5,188400,1962.5,01/06/2014,Esslingen,48.7333,9.3167
416,Enterprise,Germany,VTT,Low,1570,250,125,196250,5887.5,190362.5,188400,1962.5,01/06/2014,Witten,51.4333,7.3333
431,Government,Germany,Velo,Medium,1307,120,350,457450,41170.5,416279.5,339820,76459.5,01/07/2014,Gießen,50.5833,8.6667
434,Small Business,Germany,Carretera,High,2811,3,300,843300,92763,750537,702750,47787,01/07/2014,Ludwigsburg,48.8975,9.1922
438,Midmarket,Germany,VTT,High,492,250,15,7380,1107,6273,4920,1353,01/07/2014,Gera,50.8806,12.0833
442,Enterprise,Germany,Paseo,Medium,3513,10,125,439125,30738.75,408386.25,421560,-13173.75,01/07/2014,Tübingen,48.52,9.0556
447,Government,Germany,Montana,Medium,645,5,20,12900,1032,11868,6450,5418,01/07/2014,Düren,50.8,6.4833
452,Government,Germany,Amarilla,None,1686,260,7,11802,0,11802,8430,3372,01/07/2014,Flensburg,54.7819,9.4367
453,Channel Partners,Germany,Paseo,None,367,10,12,4404,0,4404,1101,3303,01/07/2014,Iserlohn,51.3833,7.6667
464,Government,Germany,Velo,Medium,1001,120,20,20020,1201.2,18818.8,10010,8808.8,01/08/2014,Villingen-Schwenningen,48.0603,8.4586
469,Small Business,Germany,Montana,Low,1859,5,300,557700,22308,535392,464750,70642,01/08/2014,Zwickau,50.7167,12.5
473,Government,Germany,VTT,Medium,422,250,350,147700,11816,135884,109720,26164,01/08/2014,Ratingen,51.3,6.85
477,Channel Partners,Germany,Amarilla,High,2574,260,12,30888,3088.8,27799.2,7722,20077.2,01/08/2014,Lünen,51.6167,7.5167
481,Enterprise,Germany,Carretera,High,2767,3,125,345875,51881.25,293993.75,332040,-38046.25,01/08/2014,Konstanz,47.6667,9.1833
482,Midmarket,Germany,Paseo,Medium,1743,10,15,26145,1568.7,24576.3,17430,7146.3,01/08/2014,Worms,49.6319,8.3653
489,Government,Germany,Paseo,Medium,1598,10,7,11186,894.88,10291.12,7990,2301.12,01/08/2014,Marl,51.6667,7.1167
493,Government,Germany,Paseo,Medium,1934,10,20,38680,3094.4,35585.6,19340,16245.6,01/09/2014,Minden,52.2883,8.9167
496,Channel Partners,Germany,Carretera,Medium,1580,3,12,18960,1706.4,17253.6,4740,12513.6,01/09/2014,Norderstedt,53.7064,10.0103
502,Government,Germany,Amarilla,Low,1907,260,350,667450,26698,640752,495820,144932,01/09/2014,Velbert,51.3333,7.05
507,Small Business,Germany,VTT,Low,986,250,300,295800,2958,292842,246500,46342,01/09/2014,Bamberg,49.8914,10.8869
516,Enterprise,Germany,Velo,Medium,2087,120,125,260875,18261.25,242613.75,250440,-7826.25,01/09/2014,Neumünster,54.0714,9.99
522,Government,Germany,Montana,None,2146,5,7,15022,0,15022,10730,4292,01/09/2014,Dessau-Rosslau,51.8333,12.2333
523,Midmarket,Germany,Paseo,Low,747,10,15,11205,112.05,11092.95,7470,3622.95,01/09/2014,Viersen,51.2561,6.3972
542,Government,Germany,Velo,Low,2877,120,350,1006950,20139,986811,748020,238791,01/10/2014,Delmenhorst,53.0506,8.6317
543,Government,Germany,VTT,Low,2877,250,350,1006950,20139,986811,748020,238791,01/10/2014,Rheine,52.2833,7.4333
548,Small Business,Germany,Carretera,Low,2021,3,300,606300,24252,582048,505250,76798,01/10/2014,Marburg,50.81,8.7708
549,Small Business,Germany,Montana,Low,2021,5,300,606300,24252,582048,505250,76798,01/10/2014,Lüneburg,53.2525,10.4144
558,Government,Germany,Paseo,Medium,360,10,7,2520,226.8,2293.2,1800,493.2,01/10/2014,Dorsten,51.66,6.9642
559,Government,Germany,VTT,Medium,360,250,7,2520,226.8,2293.2,1800,493.2,01/10/2014,Troisdorf,50.8161,7.1556
562,Enterprise,Germany,Carretera,High,1085,3,125,135625,20343.75,115281.25,130200,-14918.75,01/10/2014,Wilhelmshaven,53.5286,8.1056
563,Enterprise,Germany,Paseo,High,1085,10,125,135625,20343.75,115281.25,130200,-14918.75,01/10/2014,Gladbeck,51.5667,6.9667
578,Channel Partners,Germany,Velo,High,472,120,12,5664,623.04,5040.96,1416,3624.96,01/10/2014,Landshut,48.5397,12.1508
579,Channel Partners,Germany,Amarilla,High,472,260,12,5664,623.04,5040.96,1416,3624.96,01/10/2014,Bayreuth,49.9481,11.5783
580,Midmarket,Germany,Paseo,High,1175,10,15,17625,2643.75,14981.25,11750,3231.25,01/10/2014,Detmold,51.9378,8.8833
581,Midmarket,Germany,VTT,High,1175,250,15,17625,2643.75,14981.25,11750,3231.25,01/10/2014,Castrop-Rauxel,51.55,7.3167
592,Government,Germany,Paseo,High,241,10,20,4820,482,4338,2410,1928,01/10/2014,Arnsberg,51.3833,8.0833
593,Government,Germany,Velo,High,241,120,20,4820,482,4338,2410,1928,01/10/2014,Brandenburg,52.4167,12.5333
596,Channel Partners,Germany,Montana,Medium,2342,5,12,28104,1405.2,26698.8,7026,19672.8,01/11/2014,Aschaffenburg,49.9667,9.15
598,Small Business,Germany,Paseo,High,1359,10,300,407700,48924,358776,339750,19026,01/11/2014,Bocholt,51.8333,6.6167
600,Government,Germany,Paseo,High,357,10,350,124950,16243.5,108706.5,92820,15886.5,01/11/2014,Lüdenscheid,51.2167,7.6333
602,Government,Germany,Amarilla,Medium,1520,260,20,30400,2432,27968,15200,12768,01/11/2014,Fulda,50.5508,9.6753
621,Enterprise,Germany,VTT,High,552,250,125,69000,10350,58650,66240,-7590,01/11/2014,Celle,52.6256,10.0825
626,Midmarket,Germany,Carretera,High,1513,3,15,22695,3177.3,19517.7,15130,4387.7,01/11/2014,Kempten,47.7333,10.3167
627,Government,Germany,Velo,High,2665,120,7,18655,1865.5,16789.5,13325,3464.5,01/11/2014,Aalen,48.8333,10.1
637,Government,Germany,Paseo,High,1531,10,20,30620,3674.4,26945.6,15310,11635.6,01/12/2014,Lippstadt,51.6667,8.35
638,Government,Germany,VTT,High,1531,250,20,30620,3674.4,26945.6,15310,11635.6,01/12/2014,Dinslaken,51.5667,6.7333
645,Channel Partners,Germany,Paseo,High,1013,10,12,12156,1580.28,10575.72,3039,7536.72,01/12/2014,Kerpen,50.8719,6.6961
646,Channel Partners,Germany,Velo,High,1013,120,12,12156,1580.28,10575.72,3039,7536.72,01/12/2014,Rüsselsheim,50,8.4333
653,Government,Germany,Carretera,None,1513,3,350,529550,0,529550,393380,136170,01/12/2014,Herford,52.1333,8.6833
654,Government,Germany,Paseo,None,1513,10,350,529550,0,529550,393380,136170,01/12/2014,Neuwied,50.4286,7.4614
659,Small Business,Germany,Velo,Medium,1250,120,300,375000,18750,356250,312500,43750,01/12/2014,Weimar,50.9811,11.3294
660,Small Business,Germany,Amarilla,Medium,1250,260,300,375000,18750,356250,312500,43750,01/12/2014,Sindelfingen,48.7133,9.0028
674,Government,Germany,Carretera,High,280,3,7,1960,274.4,1685.6,1400,285.6,01/12/2014,Plauen,50.4833,12.1167
675,Government,Germany,VTT,High,280,250,7,1960,274.4,1685.6,1400,285.6,01/12/2014,Rosenheim,47.85,12.1333
692,Midmarket,Germany,Montana,Medium,711,5,15,10665,853.2,9811.8,7110,2701.8,01/12/2014,Dormagen,51.1,6.8167
693,Midmarket,Germany,Amarilla,Medium,711,260,15,10665,853.2,9811.8,7110,2701.8,01/12/2014,Grevenbroich,51.0883,6.5875
696,Enterprise,Germany,Montana,Low,1706,5,125,213250,6397.5,206852.5,204720,2132.5,01/12/2014,Neubrandenburg,53.5569,13.2611
697,Enterprise,Germany,Paseo,Low,1706,10,125,213250,6397.5,206852.5,204720,2132.5,01/12/2014,Friedrichshafen,47.65,9.4833
118,Government,Mexico,Carretera,Medium,1834,3,20,36680,2567.6,34112.4,18340,15772.4,01/09/2013,Mexico City,19.4333,-99.1333
119,Channel Partners,Mexico,VTT,High,1005,250,12,12060,1326.6,10733.4,3015,7718.4,01/09/2013,Guadalajara,20.6767,-103.3475
120,Government,Mexico,Montana,Medium,720,5,350,252000,12600,239400,187200,52200,01/09/2013,Monterrey,25.6844,-100.3181
121,Small Business,Mexico,Paseo,None,788,10,300,236400,0,236400,197000,39400,01/09/2013,Toluca,19.2925,-99.6569
122,Enterprise,Mexico,Amarilla,High,947,260,125,118375,13021.25,105353.75,113640,-8286.25,01/09/2013,Tijuana,32.525,-117.0333
123,Government,Mexico,Paseo,Low,1760,10,7,12320,369.6,11950.4,8800,3150.4,01/09/2013,Ecatepec,19.6097,-99.06
124,Midmarket,Mexico,Velo,High,655,120,15,9825,1080.75,8744.25,6550,2194.25,01/09/2013,León de los Aldama,21.1167,-101.6833
125,Government,Mexico,Velo,High,344,120,350,120400,13244,107156,89440,17716,01/10/2013,Puebla,19.0333,-98.1833
126,Government,Mexico,Amarilla,High,344,260,350,120400,13244,107156,89440,17716,01/10/2013,Zapopan,20.7167,-103.4
127,Government,Mexico,Montana,High,1715,5,20,34300,4116,30184,17150,13034,01/10/2013,Juárez,31.745,-106.485
128,Government,Mexico,Paseo,High,1715,10,20,34300,4116,30184,17150,13034,01/10/2013,Mexicali,32.6633,-115.4678
129,Small Business,Mexico,Carretera,Low,494,3,300,148200,1482,146718,123500,23218,01/10/2013,Nezahualcóyotl,19.4081,-99.0186
130,Small Business,Mexico,VTT,Low,494,250,300,148200,1482,146718,123500,23218,01/10/2013,Ciudad Nezahualcóyotl,19.4006,-99.0148
131,Midmarket,Mexico,Paseo,Low,1514,10,15,22710,908.4,21801.6,15140,6661.6,01/10/2013,Morelia,19.7683,-101.1894
132,Midmarket,Mexico,VTT,Low,1514,250,15,22710,908.4,21801.6,15140,6661.6,01/10/2013,Aguascalientes,21.876,-102.296
133,Enterprise,Mexico,Paseo,Low,2145,10,125,268125,5362.5,262762.5,257400,5362.5,01/10/2013,Chihuahua,28.6369,-106.0769
134,Enterprise,Mexico,Velo,Low,2145,120,125,268125,5362.5,262762.5,257400,5362.5,01/10/2013,Naucalpan de Juárez,19.4753,-99.2378
135,Channel Partners,Mexico,Carretera,Medium,367,3,12,4404,396.36,4007.64,1101,2906.64,01/10/2013,Mérida,20.9667,-89.6167
136,Channel Partners,Mexico,Paseo,Medium,367,10,12,4404,396.36,4007.64,1101,2906.64,01/10/2013,Cancún,21.1606,-86.8475
137,Government,Mexico,Montana,High,1727,5,7,12089,1692.46,10396.54,8635,1761.54,01/10/2013,Saltillo,25.4231,-100.9919
138,Government,Mexico,Amarilla,High,1727,260,7,12089,1692.46,10396.54,8635,1761.54,01/10/2013,Hermosillo,29.0989,-110.9542
139,Government,Mexico,VTT,Medium,1123,250,20,22460,1347.6,21112.4,11230,9882.4,01/11/2013,Culiacán,24.8069,-107.3939
140,Government,Mexico,Paseo,High,2151,10,350,752850,112927.5,639922.5,559260,80662.5,01/11/2013,Querétaro,20.5875,-100.3928
141,Small Business,Mexico,Velo,High,2605,120,300,781500,101595,679905,651250,28655,01/11/2013,San Luis Potosí,22.1511,-100.9761
142,Channel Partners,Mexico,Paseo,Medium,2763,10,12,33156,2320.92,30835.08,8289,22546.08,01/11/2013,Guadalupe,25.6775,-100.2597
143,Midmarket,Mexico,Amarilla,High,1870,260,15,28050,3927,24123,18700,5423,01/11/2013,Acapulco de Juárez,16.8636,-99.8825
144,Enterprise,Mexico,Montana,Low,1660,5,125,207500,4150,203350,199200,4150,01/11/2013,Tlaquepaque,20.6167,-103.3167
145,Government,Mexico,Carretera,High,2706,3,7,18942,2083.62,16858.38,13530,3328.38,01/11/2013,Durango,24.025,-104.6675
146,Channel Partners,Mexico,Amarilla,Medium,1375,260,12,16500,1320,15180,4125,11055,01/12/2013,Tlalnepantla,19.5367,-99.1947
147,Government,Mexico,VTT,Low,1940,250,350,679000,13580,665420,504400,161020,01/12/2013,Chimalhuacán,19.4131,-98.9839
148,Small Business,Mexico,Montana,Medium,1100,5,300,330000,16500,313500,275000,38500,01/12/2013,Irapuato,20.6667,-101.35
149,Midmarket,Mexico,Paseo,High,380,10,15,5700,684,5016,3800,1216,01/12/2013,Reynosa,26.0922,-98.2778
150,Enterprise,Mexico,Carretera,High,2821,3,125,352625,49367.5,303257.5,338520,-35262.5,01/12/2013,Tuxtla,16.7528,-93.1167
151,Government,Mexico,Velo,Low,544,120,20,10880,217.6,10662.4,5440,5222.4,01/12/2013,Tonalá,20.6167,-103.2333
152,Government,Mexico,Paseo,Medium,1946,10,7,13622,1089.76,12532.24,9730,2802.24,01/12/2013,Ensenada,31.8578,-116.6058
153,Channel Partners,Mexico,Montana,Medium,2340,5,12,28080,1965.6,26114.4,7020,19094.4,01/01/2014,Ixtapaluca,19.3186,-98.8822
154,Midmarket,Mexico,Velo,Medium,2861,120,15,42915,2145.75,40769.25,28610,12159.25,01/01/2014,Heroica Matamoros,25.8797,-97.5042
155,Government,Mexico,Paseo,Medium,2417,10,350,845950,76135.5,769814.5,628420,141394.5,01/01/2014,Ciudad Apodaca,25.7817,-100.1886
156,Small Business,Mexico,Paseo,Medium,2565,10,300,769500,69255,700245,641250,58995,01/01/2014,Tultitlán de Mariano Escobedo,19.645,-99.1694
199,Government,Mexico,Amarilla,High,2629,260,20,52580,5783.8,46796.2,26290,20506.2,01/01/2014,Mazatlán,23.2167,-106.4167
203,Enterprise,Mexico,VTT,High,554,250,125,69250,7617.5,61632.5,66480,-4847.5,01/01/2014,Ciudad López Mateos,19.55,-99.2833
207,Government,Mexico,Velo,None,1493,120,7,10451,0,10451,7465,2986,01/01/2014,Ciudad General Escobedo,25.7933,-100.1583
223,Government,Mexico,Amarilla,Low,1865,260,350,652750,26110,626640,484900,141740,01/02/2014,San Nicolás de los Garza,25.75,-100.2833
228,Small Business,Mexico,VTT,Medium,2747,250,300,824100,57687,766413,686750,79663,01/02/2014,Veracruz,19.1903,-96.1533
233,Government,Mexico,Montana,High,1368,5,7,9576,1436.4,8139.6,6840,1299.6,01/02/2014,Tepic,21.5083,-104.8931
240,Enterprise,Mexico,Velo,High,1575,120,125,196875,27562.5,169312.5,189000,-19687.5,01/02/2014,Xalapa,19.54,-96.9275
241,Channel Partners,Mexico,Carretera,Medium,727,3,12,8724,610.68,8113.32,2181,5932.32,01/02/2014,Nuevo Laredo,27.4861,-99.5069
242,Midmarket,Mexico,Paseo,None,974,10,15,14610,0,14610,9740,4870,01/02/2014,Celaya,20.5222,-100.8122
245,Government,Mexico,Paseo,High,260,10,20,5200,728,4472,2600,1872,01/02/2014,Nicolás Romero,19.5833,-99.3667
253,Midmarket,Mexico,Montana,Low,2214,5,15,33210,332.1,32877.9,22140,10737.9,01/03/2014,Tecámac,19.7131,-98.9683
255,Government,Mexico,Paseo,High,1122,10,20,22440,2468.4,19971.6,11220,8751.6,01/03/2014,Minatitlán,17.9833,-94.55
260,Government,Mexico,Carretera,Low,1210,3,350,423500,4235,419265,314600,104665,01/03/2014,Villahermosa,17.9892,-92.9281
263,Small Business,Mexico,Amarilla,Low,1101,260,300,330300,6606,323694,275250,48444,01/03/2014,Cuernavaca,18.9186,-99.2342
270,Enterprise,Mexico,Paseo,Medium,1114,10,125,139250,11140,128110,133680,-5570,01/03/2014,Uruapan,19.4208,-102.0628
274,Channel Partners,Mexico,Velo,High,500,120,12,6000,900,5100,1500,3600,01/03/2014,Soledad de Graciano Sánchez,22.1833,-100.9333
275,Government,Mexico,VTT,High,2903,250,7,20321,2844.94,17476.06,14515,2961.06,01/03/2014,Ciudad Obregón,27.4939,-109.9389
281,Government,Mexico,Carretera,High,2579,3,20,51580,7221.2,44358.8,25790,18568.8,01/04/2014,Gómez Palacio,25.5611,-103.4983
283,Channel Partners,Mexico,VTT,Low,1916,250,12,22992,689.76,22302.24,5748,16554.24,01/04/2014,Salamanca,20.5703,-101.1972
287,Midmarket,Mexico,Velo,Medium,2628,120,15,39420,3547.8,35872.2,26280,9592.2,01/04/2014,Guasavito,25.5744,-108.4706
293,Government,Mexico,Montana,Medium,980,5,350,343000,20580,322420,254800,67620,01/04/2014,Tehuacán,18.4617,-97.3928
294,Small Business,Mexico,Paseo,Medium,1607,10,300,482100,24105,457995,401750,56245,01/04/2014,Coatzacoalcos,18.1414,-94.4344
306,Enterprise,Mexico,Amarilla,Low,1074,260,125,134250,5370,128880,128880,0,01/04/2014,Chalco,19.2647,-98.8975
312,Government,Mexico,Paseo,High,2535,10,7,17745,2661.75,15083.25,12675,2408.25,01/04/2014,Ciudad Benito Juárez,25.65,-100.0833
316,Government,Mexico,Amarilla,High,2039,260,20,40780,4078,36702,20390,16312,01/05/2014,Ciudad Santa Catarina,25.6833,-100.45
321,Small Business,Mexico,Paseo,High,591,10,300,177300,17730,159570,147750,11820,01/05/2014,Ciudad Victoria,23.7389,-99.1431
328,Government,Mexico,Paseo,High,2851,10,350,997850,149677.5,848172.5,741260,106912.5,01/05/2014,Playa del Carmen,20.6281,-87.0755
334,Channel Partners,Mexico,Montana,High,2661,5,12,31932,3831.84,28100.16,7983,20117.16,01/05/2014,La Peña,19.3606,-98.9417
336,Midmarket,Mexico,Velo,Medium,245,120,15,3675,330.75,3344.25,2450,894.25,01/05/2014,San Juan del Río,20.3833,-99.9833
337,Government,Mexico,Velo,Low,362,120,7,2534,25.34,2508.66,1810,698.66,01/05/2014,Oaxaca,17.0606,-96.7253
339,Enterprise,Mexico,VTT,High,341,250,125,42625,4262.5,38362.5,40920,-2557.5,01/05/2014,Los Mochis,25.7835,-108.9937
359,Midmarket,Mexico,Carretera,None,2470,3,15,37050,0,37050,24700,12350,01/06/2014,Pachuca,20.1,-98.75
360,Midmarket,Mexico,Montana,None,2470,5,15,37050,0,37050,24700,12350,01/06/2014,Tampico,22.2553,-97.8686
371,Government,Mexico,Paseo,Medium,1038,10,20,20760,1868.4,18891.6,10380,8511.6,01/06/2014,Coacalco,19.6333,-99.0931
372,Government,Mexico,Amarilla,Medium,1038,260,20,20760,1868.4,18891.6,10380,8511.6,01/06/2014,Huixquilucan,19.3611,-99.3508
381,Small Business,Mexico,Paseo,Medium,2460,10,300,738000,59040,678960,615000,63960,01/06/2014,Nogales,31.3,-110.9333
382,Small Business,Mexico,Amarilla,Medium,2460,260,300,738000,59040,678960,615000,63960,01/06/2014,Heroica Nogales,31.3186,-110.9458
385,Government,Mexico,Carretera,High,886,3,350,310100,37212,272888,230360,42528,01/06/2014,La Paz,24.1422,-110.3108
386,Government,Mexico,Paseo,High,886,10,350,310100,37212,272888,230360,42528,01/06/2014,Campeche,19.85,-90.5306
401,Channel Partners,Mexico,Montana,High,604,5,12,7248,942.24,6305.76,1812,4493.76,01/06/2014,Carmen,18.6431,-91.8306
402,Channel Partners,Mexico,Velo,High,604,120,12,7248,942.24,6305.76,1812,4493.76,01/06/2014,Monclova,26.9103,-101.4222
413,Government,Mexico,Velo,Medium,1498,120,7,10486,629.16,9856.84,7490,2366.84,01/06/2014,García,25.8167,-100.5833
414,Government,Mexico,VTT,Medium,1498,250,7,10486,629.16,9856.84,7490,2366.84,01/06/2014,Fresnillo,23.175,-102.8675
419,Enterprise,Mexico,Paseo,Low,662,10,125,82750,1655,81095,79440,1655,01/06/2014,Chilpancingo,17.55,-99.5
420,Enterprise,Mexico,VTT,Low,662,250,125,82750,1655,81095,79440,1655,01/06/2014,Puerto Vallarta,20.6458,-105.2222
422,Government,Mexico,Montana,High,2255,5,20,45100,5863,39237,22550,16687,01/07/2014,Tapachula,14.9,-92.2667
432,Government,Mexico,Velo,High,1395,120,350,488250,58590,429660,362700,66960,01/07/2014,Jiutepec,18.8833,-99.1667
443,Enterprise,Mexico,Paseo,Low,1823,10,125,227875,2278.75,225596.25,218760,6836.25,01/07/2014,Comalcalco,18.2801,-93.2018
444,Small Business,Mexico,Carretera,High,801,3,300,240300,33642,206658,200250,6408,01/07/2014,Zamora,19.9833,-102.2833
449,Channel Partners,Mexico,Paseo,High,571,10,12,6852,890.76,5961.24,1713,4248.24,01/07/2014,Córdoba,18.8942,-96.9347
454,Government,Mexico,Amarilla,Medium,1683,260,7,11781,589.05,11191.95,8415,2776.95,01/07/2014,Cabo San Lucas,22.8897,-109.9156
455,Midmarket,Mexico,VTT,High,641,250,15,9615,961.5,8653.5,6410,2243.5,01/07/2014,El Tezal,22.8897,-109.9156
462,Channel Partners,Mexico,Amarilla,Medium,1123,260,12,13476,673.8,12802.2,3369,9433.2,01/08/2014,Ciudad Madero,22.2475,-97.8375
467,Government,Mexico,VTT,Low,1642,250,350,574700,17241,557459,426920,130539,01/08/2014,Cuautla,18.8167,-98.95
470,Small Business,Mexico,Montana,None,958,5,300,287400,0,287400,239500,47900,01/08/2014,Guanajuato,21.0178,-101.2567
479,Enterprise,Mexico,Carretera,Medium,1540,3,125,192500,15400,177100,184800,-7700,01/08/2014,Cholula de Rivadabia,19.0633,-98.3064
484,Midmarket,Mexico,Paseo,High,1984,10,15,29760,3273.6,26486.4,19840,6646.4,01/08/2014,Ciudad del Carmen,18.6333,-91.8333
485,Government,Mexico,Velo,Medium,609,120,20,12180,852.6,11327.4,6090,5237.4,01/08/2014,Manzanillo,19.0522,-104.3158
490,Government,Mexico,Paseo,None,883,10,7,6181,0,6181,4415,1766,01/08/2014,Poza Rica de Hidalgo,20.5333,-97.45
497,Midmarket,Mexico,Paseo,None,2472,10,15,37080,0,37080,24720,12360,01/09/2014,San Cristóbal,16.7367,-92.6383
500,Small Business,Mexico,VTT,High,432,250,300,129600,12960,116640,108000,8640,01/09/2014,Cuauhtémoc,28.405,-106.8667
504,Government,Mexico,Amarilla,Medium,1679,260,350,587650,35259,552391,436540,115851,01/09/2014,Cuautitlán,19.6833,-99.1833
510,Government,Mexico,Paseo,Medium,2993,10,20,59860,4788.8,55071.2,29930,25141.2,01/09/2014,Ciudad Valles,21.9833,-99.0167
519,Enterprise,Mexico,Velo,Medium,2110,120,125,263750,23737.5,240012.5,253200,-13187.5,01/09/2014,San Luis Río Colorado,32.4767,-114.7625
521,Channel Partners,Mexico,Carretera,Medium,562,3,12,6744,404.64,6339.36,1686,4653.36,01/09/2014,Santa María Texmelucan,19.2833,-98.4333
525,Government,Mexico,Montana,High,2420,5,7,16940,2032.8,14907.2,12100,2807.2,01/09/2014,Chicoloapan,19.4167,-98.9
538,Midmarket,Mexico,Montana,Low,2031,5,15,30465,1218.6,29246.4,20310,8936.4,01/10/2014,Piedras Negras,28.7,-100.5231
539,Midmarket,Mexico,Paseo,Low,2031,10,15,30465,1218.6,29246.4,20310,8936.4,01/10/2014,Lagos de Moreno,21.35,-101.9167
546,Government,Mexico,Carretera,Low,1397,3,350,488950,4889.5,484060.5,363220,120840.5,01/10/2014,Chetumal,18.5036,-88.3053
547,Government,Mexico,VTT,Low,1397,250,350,488950,4889.5,484060.5,363220,120840.5,01/10/2014,San Martin Texmelucan de Labastida,19.2833,-98.4333
566,Enterprise,Mexico,Carretera,High,2156,3,125,269500,32340,237160,258720,-21560,01/10/2014,Tuxtepec,18.1,-96.1167
567,Enterprise,Mexico,Paseo,High,2156,10,125,269500,32340,237160,258720,-21560,01/10/2014,San Andrés Tuxtla,18.4483,-95.2122
568,Government,Mexico,Paseo,High,905,10,20,18100,2172,15928,9050,6878,01/10/2014,Papantla de Olarte,20.4478,-97.32
569,Government,Mexico,Velo,High,905,120,20,18100,2172,15928,9050,6878,01/10/2014,Ciudad Acuña,29.3242,-100.9317
576,Government,Mexico,Paseo,Medium,2689,10,7,18823,941.15,17881.85,13445,4436.85,01/10/2014,Macuspana,17.7667,-92.6
577,Government,Mexico,VTT,Medium,2689,250,7,18823,941.15,17881.85,13445,4436.85,01/10/2014,Guaymas,27.9183,-110.8933
584,Channel Partners,Mexico,Velo,High,410,120,12,4920,639.6,4280.4,1230,3050.4,01/10/2014,Ixtlahuaca,19.5689,-99.7669
585,Channel Partners,Mexico,Amarilla,High,410,260,12,4920,639.6,4280.4,1230,3050.4,01/10/2014,Tulancingo,20.0833,-98.3667
586,Small Business,Mexico,Montana,High,546,5,300,163800,24570,139230,136500,2730,01/10/2014,Delicias,28.1931,-105.4717
587,Small Business,Mexico,Amarilla,High,546,260,300,163800,24570,139230,136500,2730,01/10/2014,Valle de Santiago,20.39,-101.26
601,Government,Mexico,Amarilla,Medium,1694,260,20,33880,3049.2,30830.8,16940,13890.8,01/11/2014,Pénjamo,20.4311,-101.7222
604,Midmarket,Mexico,Carretera,Medium,2791,3,15,41865,2093.25,39771.75,27910,11861.75,01/11/2014,Villa de Álvarez,19.25,-103.7333
611,Government,Mexico,Paseo,High,1197,10,350,418950,50274,368676,311220,57456,01/11/2014,Zacatecas,22.7736,-102.5736
614,Small Business,Mexico,Paseo,High,2150,10,300,645000,77400,567600,537500,30100,01/11/2014,Pesquería,25.785,-100.0511
620,Enterprise,Mexico,VTT,Medium,877,250,125,109625,9866.25,99758.75,105240,-5481.25,01/11/2014,Colima,19.2433,-103.7247
625,Channel Partners,Mexico,Montana,Low,690,5,12,8280,165.6,8114.4,2070,6044.4,01/11/2014,Tepatitlán de Morelos,20.8139,-102.7639
629,Government,Mexico,Velo,Medium,1333,120,7,9331,559.86,8771.14,6665,2106.14,01/11/2014,Las Maravillas,16.3667,-91.7333
635,Small Business,Mexico,Velo,Medium,635,120,300,190500,15240,175260,158750,16510,01/12/2014,Cuautitlán Izcalli,19.65,-99.25
636,Small Business,Mexico,Amarilla,Medium,635,260,300,190500,15240,175260,158750,16510,01/12/2014,Kanasín,20.9344,-89.5578
639,Channel Partners,Mexico,Paseo,Low,1084,10,12,13008,260.16,12747.84,3252,9495.84,01/12/2014,Cunduacán,18.0667,-93.1667
640,Channel Partners,Mexico,Velo,Low,1084,120,12,13008,260.16,12747.84,3252,9495.84,01/12/2014,San José del Cabo,23.0614,-109.7081
641,Government,Mexico,Paseo,High,1233,10,20,24660,2959.2,21700.8,12330,9370.8,01/12/2014,Zinacantepec,19.2833,-99.7333
642,Government,Mexico,VTT,High,1233,250,20,24660,2959.2,21700.8,12330,9370.8,01/12/2014,Tultepec,19.685,-99.1281
655,Government,Mexico,Carretera,Medium,1362,3,350,476700,38136,438564,354120,84444,01/12/2014,Apatzingan de la Constitucion,19.0886,-102.3508
656,Government,Mexico,Paseo,Medium,1362,10,350,476700,38136,438564,354120,84444,01/12/2014,Orizaba,18.85,-97.1
672,Government,Mexico,Carretera,Medium,521,3,7,3647,328.23,3318.77,2605,713.77,01/12/2014,San Pedro Garza García,25.6667,-100.3
673,Government,Mexico,VTT,Medium,521,250,7,3647,328.23,3318.77,2605,713.77,01/12/2014,Ciudad Hidalgo,19.6917,-100.5536
676,Enterprise,Mexico,Montana,Low,1138,5,125,142250,5690,136560,136560,0,01/12/2014,Navojoa,27.0813,-109.4461
677,Enterprise,Mexico,Paseo,Low,1138,10,125,142250,5690,136560,136560,0,01/12/2014,Chilapa de Álvarez,17.5944,-99.1778
680,Midmarket,Mexico,Montana,High,2157,5,15,32355,3559.05,28795.95,21570,7225.95,01/12/2014,Tizayuca,19.8333,-98.9833
681,Midmarket,Mexico,Amarilla,High,2157,260,15,32355,3559.05,28795.95,21570,7225.95,01/12/2014,Miramar,22.3375,-97.8694
79,Channel Partners,USA,Amarilla,Low,1989,260,12,23868,238.68,23629.32,5967,17662.32,01/09/2013,New York,40.6943,-73.9249
80,Midmarket,USA,Paseo,Medium,2931,10,15,43965,3077.55,40887.45,29310,11577.45,01/09/2013,Los Angeles,34.1141,-118.4068
81,Small Business,USA,Montana,Low,2498,5,300,749400,7494,741906,624500,117406,01/09/2013,Chicago,41.8375,-87.6866
82,Government,USA,VTT,Low,349,250,350,122150,4886,117264,90740,26524,01/09/2013,Miami,25.784,-80.2101
83,Enterprise,USA,Carretera,Low,330,3,125,41250,412.5,40837.5,39600,1237.5,01/09/2013,Houston,29.786,-95.3885
84,Government,USA,Paseo,High,380,10,7,2660,292.6,2367.4,1900,467.4,01/09/2013,Dallas,32.7935,-96.7667
85,Government,USA,Velo,Low,736,120,20,14720,588.8,14131.2,7360,6771.2,01/09/2013,Philadelphia,40.0077,-75.1339
86,Government,USA,Paseo,Medium,727,10,350,254450,15267,239183,189020,50163,01/10/2013,Atlanta,33.7628,-84.422
87,Government,USA,Amarilla,Medium,727,260,350,254450,15267,239183,189020,50163,01/10/2013,Washington,38.9047,-77.0163
88,Small Business,USA,Velo,High,2294,120,300,688200,68820,619380,573500,45880,01/10/2013,Boston,42.3188,-71.0852
89,Small Business,USA,VTT,High,2294,250,300,688200,68820,619380,573500,45880,01/10/2013,Phoenix,33.5722,-112.0892
90,Government,USA,Carretera,High,2996,3,7,20972,2936.08,18035.92,14980,3055.92,01/10/2013,Detroit,42.3834,-83.1024
91,Government,USA,Montana,High,2996,5,7,20972,2936.08,18035.92,14980,3055.92,01/10/2013,Seattle,47.6211,-122.3244
92,Channel Partners,USA,Carretera,High,386,3,12,4632,463.2,4168.8,1158,3010.8,01/10/2013,San Francisco,37.7558,-122.4449
93,Channel Partners,USA,Paseo,High,386,10,12,4632,463.2,4168.8,1158,3010.8,01/10/2013,San Diego,32.8313,-117.1222
94,Midmarket,USA,Paseo,Low,671,10,15,10065,402.6,9662.4,6710,2952.4,01/10/2013,Minneapolis,44.9635,-93.2678
95,Midmarket,USA,Amarilla,Low,671,260,15,10065,402.6,9662.4,6710,2952.4,01/10/2013,Tampa,27.9945,-82.4447
96,Enterprise,USA,Montana,Low,663,5,125,82875,828.75,82046.25,79560,2486.25,01/10/2013,Brooklyn,40.6501,-73.9496
97,Enterprise,USA,Velo,Low,663,120,125,82875,828.75,82046.25,79560,2486.25,01/10/2013,Denver,39.762,-104.8758
98,Government,USA,Paseo,High,267,10,20,5340,801,4539,2670,1869,01/10/2013,Queens,40.7498,-73.7976
99,Government,USA,VTT,High,267,250,20,5340,801,4539,2670,1869,01/10/2013,Riverside,33.9381,-117.3949
100,Small Business,USA,Velo,High,2574,120,300,772200,115830,656370,643500,12870,01/11/2013,Las Vegas,36.2333,-115.2654
101,Government,USA,VTT,Medium,1265,250,20,25300,1265,24035,12650,11385,01/11/2013,Baltimore,39.3051,-76.6144
102,Channel Partners,USA,Paseo,None,912,10,12,10944,0,10944,2736,8208,01/11/2013,St. Louis,38.6359,-90.2451
103,Midmarket,USA,Amarilla,High,2548,260,15,38220,4586.4,33633.6,25480,8153.6,01/11/2013,Portland,45.5371,-122.65
104,Government,USA,Paseo,High,2007,10,350,702450,105367.5,597082.5,521820,75262.5,01/11/2013,San Antonio,29.4632,-98.5238
105,Government,USA,Carretera,Medium,263,3,7,1841,110.46,1730.54,1315,415.54,01/11/2013,Sacramento,38.5677,-121.4685
106,Enterprise,USA,Montana,High,1804,5,125,225500,22550,202950,216480,-13530,01/11/2013,Austin,30.3005,-97.7522
107,Channel Partners,USA,Amarilla,High,2015,260,12,24180,3385.2,20794.8,6045,14749.8,01/12/2013,Orlando,28.4773,-81.337
108,Government,USA,Velo,Medium,1421,120,20,28420,1989.4,26430.6,14210,12220.6,01/12/2013,San Jose,37.3012,-121.848
109,Midmarket,USA,Paseo,Low,1925,10,15,28875,577.5,28297.5,19250,9047.5,01/12/2013,Indianapolis,39.7771,-86.1458
110,Government,USA,VTT,Low,266,250,350,93100,1862,91238,69160,22078,01/12/2013,Pittsburgh,40.4397,-79.9763
111,Small Business,USA,VTT,Medium,808,250,300,242400,19392,223008,202000,21008,01/12/2013,Cincinnati,39.1413,-84.506
112,Enterprise,USA,Velo,High,2438,120,125,304750,45712.5,259037.5,292560,-33522.5,01/12/2013,Manhattan,40.7834,-73.9662
113,Government,USA,Paseo,Low,2013,10,7,14091,281.82,13809.18,10065,3744.18,01/12/2013,Kansas City,39.1238,-94.5541
114,Channel Partners,USA,VTT,Medium,1956,250,12,23472,2112.48,21359.52,5868,15491.52,01/01/2014,Cleveland,41.4764,-81.6805
115,Government,USA,Carretera,Medium,1118,3,20,22350,1341,21009,11175,9834,01/01/2014,Columbus,39.9862,-82.9855
116,Small Business,USA,Paseo,High,3495,10,300,1048500,125820,922680,873750,48930,01/01/2014,Bronx,40.8501,-73.8662
117,Government,USA,Montana,High,982,5,350,343875,44703.75,299171.25,255450,43721.25,01/01/2014,Charlotte,35.2083,-80.8303
200,Government,USA,Paseo,High,1438,10,7,10069.5,1309.04,8760.47,7192.5,1567.97,01/01/2014,Virginia Beach,36.7335,-76.0435
202,Enterprise,USA,Amarilla,High,579,260,125,72375,7237.5,65137.5,69480,-4342.5,01/01/2014,Jacksonville,30.3322,-81.6749
209,Midmarket,USA,Velo,Medium,555,120,15,8325,416.25,7908.75,5550,2358.75,01/01/2014,Milwaukee,43.0642,-87.9675
211,Government,USA,Paseo,High,2641,10,20,52820,6866.6,45953.4,26410,19543.4,01/02/2014,Providence,41.823,-71.4187
212,Channel Partners,USA,Carretera,Low,1858,3,12,22296,222.96,22073.04,5574,16499.04,01/02/2014,Nashville,36.1715,-86.7842
215,Government,USA,Amarilla,High,270,260,350,94500,11340,83160,70200,12960,01/02/2014,Salt Lake City,40.7776,-111.9311
221,Midmarket,USA,Paseo,Low,1514,10,15,22710,227.1,22482.9,15140,7342.9,01/02/2014,Raleigh,35.8324,-78.6429
225,Small Business,USA,VTT,Low,2844,250,300,853200,25596,827604,711000,116604,01/02/2014,Richmond,37.5295,-77.4756
232,Government,USA,Montana,High,1298,5,7,9086,1181.18,7904.82,6490,1414.82,01/02/2014,Memphis,35.1087,-89.9663
239,Enterprise,USA,Velo,Medium,2755,120,125,344375,20662.5,323712.5,330600,-6887.5,01/02/2014,Oklahoma City,35.4676,-97.5136
250,Channel Partners,USA,Velo,Low,1465,120,12,17580,703.2,16876.8,4395,12481.8,01/03/2014,Hartford,41.7661,-72.6834
258,Government,USA,Paseo,Medium,973,10,20,19460,1751.4,17708.6,9730,7978.6,01/03/2014,Louisville,38.1663,-85.6485
259,Government,USA,Carretera,Medium,1761,3,350,616350,43144.5,573205.5,457860,115345.5,01/03/2014,Buffalo,42.9018,-78.8487
262,Small Business,USA,Amarilla,High,2993,260,300,897900,89790,808110,748250,59860,01/03/2014,Fort Worth,32.7817,-97.3474
269,Enterprise,USA,Paseo,Medium,2992,10,125,374000,18700,355300,359040,-3740,01/03/2014,Bridgeport,41.1918,-73.1954
278,Midmarket,USA,Montana,High,677,5,15,10155,1218.6,8936.4,6770,2166.4,01/03/2014,New Orleans,30.0687,-89.9288
279,Government,USA,VTT,High,1579,250,7,11053,1215.83,9837.17,7895,1942.17,01/03/2014,Tucson,32.1541,-110.8787
282,Channel Partners,USA,Amarilla,None,1953,260,12,23436,0,23436,5859,17577,01/04/2014,El Paso,31.8476,-106.43
286,Midmarket,USA,Paseo,Medium,3675,10,15,55125,4961.25,50163.75,36750,13413.75,01/04/2014,Omaha,41.2627,-96.0529
288,Government,USA,Paseo,Low,4492,10,7,31447.5,314.48,31133.03,22462.5,8670.53,01/04/2014,McAllen,26.2252,-98.2467
289,Small Business,USA,Montana,Low,2301,5,300,690300,6903,683397,575250,108147,01/04/2014,Hempstead,40.6629,-73.6089
292,Government,USA,VTT,Medium,1352,250,350,473025,42572.25,430452.75,351390,79062.75,01/04/2014,Birmingham,33.5279,-86.7971
307,Enterprise,USA,Carretera,High,3446,3,125,430687.5,43068.75,387618.75,413460,-25841.25,01/04/2014,Albuquerque,35.1054,-106.6465
310,Government,USA,Velo,High,606,120,20,12120,1696.8,10423.2,6060,4363.2,01/04/2014,Tulsa,36.1283,-95.9042
319,Channel Partners,USA,VTT,High,1806,250,12,21672,3250.8,18421.2,5418,13003.2,01/05/2014,Charleston,32.8168,-79.9687
320,Government,USA,Carretera,High,1743,3,20,34860,4880.4,29979.6,17430,12549.6,01/05/2014,Fresno,36.783,-119.7939
326,Government,USA,Montana,High,2313,5,350,809550,80955,728595,601380,127215,01/05/2014,Rochester,43.168,-77.6162
327,Small Business,USA,Paseo,Low,2918,10,300,875400,35016,840384,729500,110884,01/05/2014,Dayton,39.7805,-84.2003
342,Enterprise,USA,Amarilla,High,2844,260,125,355500,49770,305730,341280,-35550,01/05/2014,Cape Coral,26.6443,-81.9957
348,Government,USA,Paseo,Medium,2327,10,7,16289,814.45,15474.55,11635,3839.55,01/05/2014,Provo,40.2457,-111.6457
349,Midmarket,USA,Velo,High,790,120,15,11850,1185,10665,7900,2765,01/05/2014,Colorado Springs,38.8674,-104.7605
367,Government,USA,Montana,Medium,1282,5,20,25640,2051.2,23588.8,12820,10768.8,01/06/2014,Mission Viejo,33.6096,-117.6551
368,Government,USA,Amarilla,Medium,1282,260,20,25640,2051.2,23588.8,12820,10768.8,01/06/2014,Allentown,40.5961,-75.4756
369,Channel Partners,USA,Montana,Low,1142,5,12,13704,274.08,13429.92,3426,10003.92,01/06/2014,Baton Rouge,30.442,-91.1311
370,Channel Partners,USA,Paseo,Low,1142,10,12,13704,274.08,13429.92,3426,10003.92,01/06/2014,Ogden,41.2279,-111.9682
373,Midmarket,USA,Carretera,High,2567,3,15,38505,5005.65,33499.35,25670,7829.35,01/06/2014,Knoxville,35.9692,-83.9496
374,Midmarket,USA,VTT,High,2567,250,15,38505,5005.65,33499.35,25670,7829.35,01/06/2014,Grand Rapids,42.9619,-85.6562
383,Government,USA,Paseo,Medium,602,10,350,210700,10535,200165,156520,43645,01/06/2014,Columbia,34.0378,-80.9036
384,Government,USA,Velo,Medium,602,120,350,210700,10535,200165,156520,43645,01/06/2014,Albany,42.6664,-73.7987
387,Small Business,USA,Carretera,Medium,991,3,300,297300,14865,282435,247750,34685,01/06/2014,Bakersfield,35.3529,-119.0359
388,Small Business,USA,Paseo,Medium,991,10,300,297300,14865,282435,247750,34685,01/06/2014,New Haven,41.3113,-72.9246
405,Government,USA,Velo,Medium,2907,120,7,20349,1627.92,18721.08,14535,4186.08,01/06/2014,Des Moines,41.5725,-93.6105
406,Government,USA,Amarilla,Medium,2907,260,7,20349,1627.92,18721.08,14535,4186.08,01/06/2014,Palm Bay,27.9631,-80.6593
411,Enterprise,USA,Paseo,Low,727,10,125,90875,908.75,89966.25,87240,2726.25,01/06/2014,Akron,41.0798,-81.5219
412,Enterprise,USA,VTT,Low,727,250,125,90875,908.75,89966.25,87240,2726.25,01/06/2014,Concord,37.9722,-122.0016
426,Channel Partners,USA,Paseo,Low,1370,10,12,16434,493.02,15940.98,4108.5,11832.48,01/07/2014,Mesa,33.4015,-111.7178
427,Midmarket,USA,Amarilla,High,3200,260,15,47992.5,5279.18,42713.33,31995,10718.33,01/07/2014,Wichita,37.6895,-97.3443
428,Government,USA,Paseo,Low,3450,10,350,1207500,48300,1159200,897000,262200,01/07/2014,Harrisburg,40.2752,-76.8843
437,Small Business,USA,Velo,High,2460,120,300,738000,103320,634680,615000,19680,01/07/2014,Staten Island,40.5834,-74.1496
441,Enterprise,USA,Montana,Medium,3627,5,125,453375,22668.75,430706.25,435240,-4533.75,01/07/2014,Toledo,41.6638,-83.5827
448,Government,USA,Carretera,Low,2529,3,7,17703,177.03,17525.97,12645,4880.97,01/07/2014,Brookhaven,40.832,-72.9517
451,Government,USA,VTT,Medium,436,250,20,8730,698.4,8031.6,4365,3666.6,01/07/2014,Worcester,42.2705,-71.8079
456,Channel Partners,USA,Amarilla,None,2141,260,12,25692,0,25692,6423,19269,01/08/2014,Port St. Lucie,27.2796,-80.3884
461,Enterprise,USA,Velo,None,2821,120,125,352625,0,352625,338520,14105,01/08/2014,Little Rock,34.7256,-92.3577
463,Midmarket,USA,Paseo,Medium,2198,10,15,32970,1978.2,30991.8,21980,9011.8,01/08/2014,Madison,43.0822,-89.393
466,Government,USA,VTT,High,2807,250,350,982450,98245,884205,729820,154385,01/08/2014,Spokane,47.6671,-117.433
474,Government,USA,Velo,Medium,2832,120,20,56640,2832,53808,28320,25488,01/08/2014,Long Beach,33.7977,-118.167
476,Small Business,USA,VTT,High,2541,250,300,762300,106722,655578,635250,20328,01/08/2014,Denton,33.2175,-97.1418
478,Government,USA,Paseo,Medium,678,10,7,4746,379.68,4366.32,3390,976.32,01/08/2014,Reno,39.5497,-119.8483
492,Channel Partners,USA,Carretera,Low,1947,3,12,23364,700.92,22663.08,5841,16822.08,01/09/2014,Boise,43.6005,-116.2308
499,Government,USA,Paseo,Low,1056,10,20,21120,844.8,20275.2,10560,9715.2,01/09/2014,Bonita Springs,26.3558,-81.7859
503,Government,USA,Amarilla,Medium,2071,260,350,724850,65236.5,659613.5,538460,121153.5,01/09/2014,Kissimmee,28.3041,-81.4169
508,Small Business,USA,VTT,Medium,1867,250,300,560100,50409,509691,466750,42941,01/09/2014,Augusta,33.3645,-82.0708
518,Enterprise,USA,Velo,High,1596,120,125,199500,19950,179550,191520,-11970,01/09/2014,Springfield,42.1155,-72.5395
520,Midmarket,USA,Paseo,High,1767,10,15,26505,3710.7,22794.3,17670,5124.3,01/09/2014,Oakland,37.7904,-122.2166
524,Government,USA,Montana,High,2328,5,7,16296,1629.6,14666.4,11640,3026.4,01/09/2014,Winston-Salem,36.1029,-80.261
528,Government,USA,Montana,Low,1566,5,20,31320,626.4,30693.6,15660,15033.6,01/10/2014,Stockton,37.9765,-121.3109
529,Government,USA,Velo,Low,1566,120,20,31320,626.4,30693.6,15660,15033.6,01/10/2014,Durham,35.9792,-78.9022
540,Small Business,USA,Carretera,High,1010,3,300,303000,42420,260580,252500,8080,01/10/2014,Chattanooga,35.066,-85.2481
541,Small Business,USA,VTT,High,1010,250,300,303000,42420,260580,252500,8080,01/10/2014,Greenville,34.8354,-82.3646
554,Government,USA,Velo,High,986,120,350,345100,41412,303688,256360,47328,01/10/2014,Lancaster,40.042,-76.3012
555,Government,USA,VTT,High,986,250,350,345100,41412,303688,256360,47328,01/10/2014,Syracuse,43.0407,-76.1437
556,Channel Partners,USA,Paseo,High,2914,10,12,34968,4895.52,30072.48,8742,21330.48,01/10/2014,Fayetteville,36.0714,-94.1661
557,Channel Partners,USA,Amarilla,High,2914,260,12,34968,4895.52,30072.48,8742,21330.48,01/10/2014,Pensacola,30.4413,-87.1911
560,Enterprise,USA,Paseo,Medium,861,10,125,107625,5381.25,102243.75,103320,-1076.25,01/10/2014,Arlington,32.6998,-97.125
561,Enterprise,USA,Velo,Medium,861,120,125,107625,5381.25,102243.75,103320,-1076.25,01/10/2014,Aurora,39.7083,-104.7237
572,Midmarket,USA,Paseo,Medium,1153,10,15,17295,1037.7,16257.3,11530,4727.3,01/10/2014,Scranton,41.4044,-75.6649
573,Midmarket,USA,VTT,Medium,1153,250,15,17295,1037.7,16257.3,11530,4727.3,01/10/2014,Oxnard,34.1964,-119.1815
590,Government,USA,Paseo,None,1143,10,7,8001,0,8001,5715,2286,01/10/2014,Indio,33.7346,-116.2346
591,Government,USA,Amarilla,None,1143,260,7,8001,0,8001,5715,2286,01/10/2014,Victorville,34.5277,-117.3536
603,Government,USA,Amarilla,Low,1236,260,20,24720,494.4,24225.6,12360,11865.6,01/11/2014,Trenton,40.2237,-74.7641
608,Midmarket,USA,Carretera,Medium,2030,3,15,30450,1827,28623,20300,8323,01/11/2014,Huntsville,34.6981,-86.6412
609,Small Business,USA,Paseo,Low,2905,10,300,871500,8715,862785,726250,136535,01/11/2014,Modesto,37.6375,-121.0028
612,Government,USA,Paseo,High,1177,10,350,411950,57673,354277,306020,48257,01/11/2014,Honolulu,21.3294,-157.846
617,Channel Partners,USA,Montana,Medium,2723,5,12,32676,1960.56,30715.44,8169,22546.44,01/11/2014,Greensboro,36.0956,-79.8271
619,Government,USA,Velo,Medium,547,120,7,3829,268.03,3560.97,2735,825.97,01/11/2014,Fort Wayne,41.0888,-85.1436
623,Enterprise,USA,VTT,High,2387,250,125,298375,35805,262570,286440,-23870,01/11/2014,Anaheim,33.839,-117.8574
661,Small Business,USA,Velo,Medium,1372,120,300,411600,28812,382788,343000,39788,01/12/2014,Corpus Christi,27.7254,-97.3767
662,Small Business,USA,Amarilla,Medium,1372,260,300,411600,28812,382788,343000,39788,01/12/2014,Fort Collins,40.5477,-105.0656
663,Government,USA,Paseo,Medium,2663,10,20,53260,2663,50597,26630,23967,01/12/2014,Islip,40.7385,-73.1888
664,Government,USA,VTT,Medium,2663,250,20,53260,2663,50597,26630,23967,01/12/2014,Antioch,37.9787,-121.796
665,Government,USA,Carretera,Low,274,3,350,95900,3836,92064,71240,20824,01/12/2014,Jackson,32.3157,-90.2125
666,Government,USA,Paseo,Low,274,10,350,95900,3836,92064,71240,20824,01/12/2014,Myrtle Beach,33.7094,-78.8844
670,Government,USA,Carretera,Medium,570,3,7,3990,199.5,3790.5,2850,940.5,01/12/2014,Henderson,36.0133,-115.0381
671,Government,USA,VTT,Medium,570,250,7,3990,199.5,3790.5,2850,940.5,01/12/2014,Mobile,30.6782,-88.1162
678,Enterprise,USA,Montana,Medium,2797,5,125,349625,31466.25,318158.75,335640,-17481.25,01/12/2014,Lexington,38.0423,-84.4587
679,Enterprise,USA,Paseo,Medium,2797,10,125,349625,31466.25,318158.75,335640,-17481.25,01/12/2014,Lansing,42.7142,-84.5601
686,Channel Partners,USA,Paseo,High,914,10,12,10968,1645.2,9322.8,2742,6580.8,01/12/2014,Savannah,32.0286,-81.1821
687,Channel Partners,USA,Velo,High,914,120,12,10968,1645.2,9322.8,2742,6580.8,01/12/2014,Youngstown,41.0993,-80.6463
690,Midmarket,USA,Montana,None,615,5,15,9225,0,9225,6150,3075,01/12/2014,Ann Arbor,42.2759,-83.731
691,Midmarket,USA,Amarilla,None,615,260,15,9225,0,9225,6150,3075,01/12/2014,Santa Ana,33.7367,-117.8819
